id,kind,category,domain,exec_now,class,class_label,local_backends,network,offline,gpu,job,deps,mobile,fallback,validation,notes
clinic.assess,clinic,clinic,,browser+runner,1,"browser now (Pyodide, CPU)",pyodide,no,yes (after first load),no,no,"numpy, scipy",yes: phone CPU (Pyodide ~11 MB once + numpy/scipy on demand),—,byte-identical to native CPython (runtime check),"loads numpy, scipy on demand"
clinic.check,clinic,clinic,,browser+runner,1,"browser now (Pyodide, CPU)",pyodide,no,yes (after first load),no,no,,yes: phone CPU (Pyodide ~11 MB once),—,byte-identical to native CPython (runtime check),
clinic.followup,clinic,clinic,,browser+runner,1,"browser now (Pyodide, CPU)",pyodide,no,yes (after first load),no,no,,yes: phone CPU (Pyodide ~11 MB once),—,byte-identical to native CPython (runtime check),
clinic.template,clinic,clinic,,browser+runner,1,"browser now (Pyodide, CPU)",pyodide,no,yes (after first load),no,no,,yes: phone CPU (Pyodide ~11 MB once),—,byte-identical to native CPython (runtime check),
clinic.verify,clinic,clinic,,browser+runner,1,"browser now (Pyodide, CPU)",pyodide,no,yes (after first load),no,no,,yes: phone CPU (Pyodide ~11 MB once),—,byte-identical to native CPython (runtime check),
connector.alphafold.prediction,connector,live_sources,,browser+runner,1g,browser now; data via the gateway,pyodide + same-origin gateway,yes,no,no,no,,yes: phone CPU (Pyodide ~11 MB once),unavailable offline or when the source is down; the runner,"request templates reviewed; edge validates hosts, methods, sizes",alphafold.ebi.ac.uk
connector.alphafold.uniprot_summary,connector,live_sources,,browser+runner,1g,browser now; data via the gateway,pyodide + same-origin gateway,yes,no,no,no,,yes: phone CPU (Pyodide ~11 MB once),unavailable offline or when the source is down; the runner,"request templates reviewed; edge validates hosts, methods, sizes",alphafold.ebi.ac.uk
connector.aopwiki.aop,connector,live_sources,,browser+runner,1g,browser now; data via the gateway,pyodide + same-origin gateway,yes,no,no,no,,yes: phone CPU (Pyodide ~11 MB once),unavailable offline or when the source is down; the runner,"request templates reviewed; edge validates hosts, methods, sizes",aopwiki.org
connector.aopwiki.aop_xml,connector,live_sources,,browser+runner,1g,browser now; data via the gateway,pyodide + same-origin gateway,yes,no,no,no,,yes: phone CPU (Pyodide ~11 MB once),unavailable offline or when the source is down; the runner,"request templates reviewed; edge validates hosts, methods, sizes",aopwiki.org
connector.aopwiki.event,connector,live_sources,,browser+runner,1g,browser now; data via the gateway,pyodide + same-origin gateway,yes,no,no,no,,yes: phone CPU (Pyodide ~11 MB once),unavailable offline or when the source is down; the runner,"request templates reviewed; edge validates hosts, methods, sizes",aopwiki.org
connector.aopwiki.relationship,connector,live_sources,,browser+runner,1g,browser now; data via the gateway,pyodide + same-origin gateway,yes,no,no,no,,yes: phone CPU (Pyodide ~11 MB once),unavailable offline or when the source is down; the runner,"request templates reviewed; edge validates hosts, methods, sizes",aopwiki.org
connector.bioregistry.reference,connector,live_sources,,browser+runner,1g,browser now; data via the gateway,pyodide + same-origin gateway,yes,no,no,no,,yes: phone CPU (Pyodide ~11 MB once),unavailable offline or when the source is down; the runner,"request templates reviewed; edge validates hosts, methods, sizes",bioregistry.io
connector.bioregistry.registry,connector,live_sources,,browser+runner,1g,browser now; data via the gateway,pyodide + same-origin gateway,yes,no,no,no,,yes: phone CPU (Pyodide ~11 MB once),unavailable offline or when the source is down; the runner,"request templates reviewed; edge validates hosts, methods, sizes",bioregistry.io
connector.biorxiv.details,connector,literature,,browser+runner,1g,browser now; data via the gateway,pyodide + same-origin gateway,yes,no,no,no,,yes: phone CPU (Pyodide ~11 MB once),unavailable offline or when the source is down; the runner,"request templates reviewed; edge validates hosts, methods, sizes",api.biorxiv.org
connector.biosamples.by_organism,connector,live_sources,,browser+runner,1g,browser now; data via the gateway,pyodide + same-origin gateway,yes,no,no,no,,yes: phone CPU (Pyodide ~11 MB once),unavailable offline or when the source is down; the runner,"request templates reviewed; edge validates hosts, methods, sizes",www.ebi.ac.uk
connector.biosamples.sample,connector,live_sources,,browser+runner,1g,browser now; data via the gateway,pyodide + same-origin gateway,yes,no,no,no,,yes: phone CPU (Pyodide ~11 MB once),unavailable offline or when the source is down; the runner,"request templates reviewed; edge validates hosts, methods, sizes",www.ebi.ac.uk
connector.biosamples.search,connector,live_sources,,browser+runner,1g,browser now; data via the gateway,pyodide + same-origin gateway,yes,no,no,no,,yes: phone CPU (Pyodide ~11 MB once),unavailable offline or when the source is down; the runner,"request templates reviewed; edge validates hosts, methods, sizes",www.ebi.ac.uk
connector.biostudies.bioimages_search,connector,live_sources,,browser+runner,1g,browser now; data via the gateway,pyodide + same-origin gateway,yes,no,no,no,,yes: phone CPU (Pyodide ~11 MB once),unavailable offline or when the source is down; the runner,"request templates reviewed; edge validates hosts, methods, sizes",www.ebi.ac.uk
connector.biostudies.search,connector,live_sources,,browser+runner,1g,browser now; data via the gateway,pyodide + same-origin gateway,yes,no,no,no,,yes: phone CPU (Pyodide ~11 MB once),unavailable offline or when the source is down; the runner,"request templates reviewed; edge validates hosts, methods, sizes",www.ebi.ac.uk
connector.biostudies.study,connector,live_sources,,browser+runner,1g,browser now; data via the gateway,pyodide + same-origin gateway,yes,no,no,no,,yes: phone CPU (Pyodide ~11 MB once),unavailable offline or when the source is down; the runner,"request templates reviewed; edge validates hosts, methods, sizes",www.ebi.ac.uk
connector.biostudies.study_info,connector,live_sources,,browser+runner,1g,browser now; data via the gateway,pyodide + same-origin gateway,yes,no,no,no,,yes: phone CPU (Pyodide ~11 MB once),unavailable offline or when the source is down; the runner,"request templates reviewed; edge validates hosts, methods, sizes",www.ebi.ac.uk
connector.bv_brc.amr_lab_by_antibiotic,connector,live_sources,,browser+runner,1g,browser now; data via the gateway,pyodide + same-origin gateway,yes,no,no,no,,yes: phone CPU (Pyodide ~11 MB once),unavailable offline or when the source is down; the runner,"request templates reviewed; edge validates hosts, methods, sizes",www.bv-brc.org
connector.bv_brc.antibiotic,connector,live_sources,,browser+runner,1g,browser now; data via the gateway,pyodide + same-origin gateway,yes,no,no,no,,yes: phone CPU (Pyodide ~11 MB once),unavailable offline or when the source is down; the runner,"request templates reviewed; edge validates hosts, methods, sizes",www.bv-brc.org
connector.bv_brc.epitopes_by_taxon,connector,live_sources,,browser+runner,1g,browser now; data via the gateway,pyodide + same-origin gateway,yes,no,no,no,,yes: phone CPU (Pyodide ~11 MB once),unavailable offline or when the source is down; the runner,"request templates reviewed; edge validates hosts, methods, sizes",www.bv-brc.org
connector.bv_brc.genome,connector,live_sources,,browser+runner,1g,browser now; data via the gateway,pyodide + same-origin gateway,yes,no,no,no,,yes: phone CPU (Pyodide ~11 MB once),unavailable offline or when the source is down; the runner,"request templates reviewed; edge validates hosts, methods, sizes",www.bv-brc.org
connector.bv_brc.genome_amr,connector,live_sources,,browser+runner,1g,browser now; data via the gateway,pyodide + same-origin gateway,yes,no,no,no,,yes: phone CPU (Pyodide ~11 MB once),unavailable offline or when the source is down; the runner,"request templates reviewed; edge validates hosts, methods, sizes",www.bv-brc.org
connector.bv_brc.genomes_by_taxon,connector,live_sources,,browser+runner,1g,browser now; data via the gateway,pyodide + same-origin gateway,yes,no,no,no,,yes: phone CPU (Pyodide ~11 MB once),unavailable offline or when the source is down; the runner,"request templates reviewed; edge validates hosts, methods, sizes",www.bv-brc.org
connector.bv_brc.ppi_by_genome,connector,live_sources,,browser+runner,1g,browser now; data via the gateway,pyodide + same-origin gateway,yes,no,no,no,,yes: phone CPU (Pyodide ~11 MB once),unavailable offline or when the source is down; the runner,"request templates reviewed; edge validates hosts, methods, sizes",www.bv-brc.org
connector.bv_brc.specialty_genes,connector,live_sources,,browser+runner,1g,browser now; data via the gateway,pyodide + same-origin gateway,yes,no,no,no,,yes: phone CPU (Pyodide ~11 MB once),unavailable offline or when the source is down; the runner,"request templates reviewed; edge validates hosts, methods, sizes",www.bv-brc.org
connector.bv_brc.taxonomy,connector,live_sources,,browser+runner,1g,browser now; data via the gateway,pyodide + same-origin gateway,yes,no,no,no,,yes: phone CPU (Pyodide ~11 MB once),unavailable offline or when the source is down; the runner,"request templates reviewed; edge validates hosts, methods, sizes",www.bv-brc.org
connector.cbioportal.gene,connector,live_sources,,browser+runner,1g,browser now; data via the gateway,pyodide + same-origin gateway,yes,no,no,no,,yes: phone CPU (Pyodide ~11 MB once),unavailable offline or when the source is down; the runner,"request templates reviewed; edge validates hosts, methods, sizes",www.cbioportal.org
connector.cbioportal.molecular_profiles,connector,live_sources,,browser+runner,1g,browser now; data via the gateway,pyodide + same-origin gateway,yes,no,no,no,,yes: phone CPU (Pyodide ~11 MB once),unavailable offline or when the source is down; the runner,"request templates reviewed; edge validates hosts, methods, sizes",www.cbioportal.org
connector.cbioportal.studies,connector,live_sources,,browser+runner,1g,browser now; data via the gateway,pyodide + same-origin gateway,yes,no,no,no,,yes: phone CPU (Pyodide ~11 MB once),unavailable offline or when the source is down; the runner,"request templates reviewed; edge validates hosts, methods, sizes",www.cbioportal.org
connector.cbioportal.study,connector,live_sources,,browser+runner,1g,browser now; data via the gateway,pyodide + same-origin gateway,yes,no,no,no,,yes: phone CPU (Pyodide ~11 MB once),unavailable offline or when the source is down; the runner,"request templates reviewed; edge validates hosts, methods, sizes",www.cbioportal.org
connector.cellosaurus.cell_line,connector,live_sources,,browser+runner,1g,browser now; data via the gateway,pyodide + same-origin gateway,yes,no,no,no,,yes: phone CPU (Pyodide ~11 MB once),unavailable offline or when the source is down; the runner,"request templates reviewed; edge validates hosts, methods, sizes",api.cellosaurus.org
connector.cellosaurus.cell_line_by_accession,connector,live_sources,,browser+runner,1g,browser now; data via the gateway,pyodide + same-origin gateway,yes,no,no,no,,yes: phone CPU (Pyodide ~11 MB once),unavailable offline or when the source is down; the runner,"request templates reviewed; edge validates hosts, methods, sizes",api.cellosaurus.org
connector.cellosaurus.cell_line_by_xref,connector,live_sources,,browser+runner,1g,browser now; data via the gateway,pyodide + same-origin gateway,yes,no,no,no,,yes: phone CPU (Pyodide ~11 MB once),unavailable offline or when the source is down; the runner,"request templates reviewed; edge validates hosts, methods, sizes",api.cellosaurus.org
connector.cellosaurus.release_info,connector,live_sources,,browser+runner,1g,browser now; data via the gateway,pyodide + same-origin gateway,yes,no,no,no,,yes: phone CPU (Pyodide ~11 MB once),unavailable offline or when the source is down; the runner,"request templates reviewed; edge validates hosts, methods, sizes",api.cellosaurus.org
connector.cellosaurus.search,connector,live_sources,,browser+runner,1g,browser now; data via the gateway,pyodide + same-origin gateway,yes,no,no,no,,yes: phone CPU (Pyodide ~11 MB once),unavailable offline or when the source is down; the runner,"request templates reviewed; edge validates hosts, methods, sizes",api.cellosaurus.org
connector.cellxgene.collection,connector,live_sources,,browser+runner,1g,browser now; data via the gateway,pyodide + same-origin gateway,yes,no,no,no,,yes: phone CPU (Pyodide ~11 MB once),unavailable offline or when the source is down; the runner,"request templates reviewed; edge validates hosts, methods, sizes",api.cellxgene.cziscience.com
connector.chebi.children,connector,live_sources,,browser+runner,1g,browser now; data via the gateway,pyodide + same-origin gateway,yes,no,no,no,,yes: phone CPU (Pyodide ~11 MB once),unavailable offline or when the source is down; the runner,"request templates reviewed; edge validates hosts, methods, sizes",www.ebi.ac.uk
connector.chebi.compound,connector,live_sources,,browser+runner,1g,browser now; data via the gateway,pyodide + same-origin gateway,yes,no,no,no,,yes: phone CPU (Pyodide ~11 MB once),unavailable offline or when the source is down; the runner,"request templates reviewed; edge validates hosts, methods, sizes",www.ebi.ac.uk
connector.chebi.compounds,connector,live_sources,,browser+runner,1g,browser now; data via the gateway,pyodide + same-origin gateway,yes,no,no,no,,yes: phone CPU (Pyodide ~11 MB once),unavailable offline or when the source is down; the runner,"request templates reviewed; edge validates hosts, methods, sizes",www.ebi.ac.uk
connector.chebi.parents,connector,live_sources,,browser+runner,1g,browser now; data via the gateway,pyodide + same-origin gateway,yes,no,no,no,,yes: phone CPU (Pyodide ~11 MB once),unavailable offline or when the source is down; the runner,"request templates reviewed; edge validates hosts, methods, sizes",www.ebi.ac.uk
connector.chebi.search,connector,live_sources,,browser+runner,1g,browser now; data via the gateway,pyodide + same-origin gateway,yes,no,no,no,,yes: phone CPU (Pyodide ~11 MB once),unavailable offline or when the source is down; the runner,"request templates reviewed; edge validates hosts, methods, sizes",www.ebi.ac.uk
connector.chebi.structure_search,connector,live_sources,,browser+runner,1g,browser now; data via the gateway,pyodide + same-origin gateway,yes,no,no,no,,yes: phone CPU (Pyodide ~11 MB once),unavailable offline or when the source is down; the runner,"request templates reviewed; edge validates hosts, methods, sizes",www.ebi.ac.uk
connector.chembl.activities,connector,live_sources,,browser+runner,1g,browser now; data via the gateway,pyodide + same-origin gateway,yes,no,no,no,,yes: phone CPU (Pyodide ~11 MB once),unavailable offline or when the source is down; the runner,"request templates reviewed; edge validates hosts, methods, sizes",www.ebi.ac.uk
connector.chembl.molecule,connector,live_sources,,browser+runner,1g,browser now; data via the gateway,pyodide + same-origin gateway,yes,no,no,no,,yes: phone CPU (Pyodide ~11 MB once),unavailable offline or when the source is down; the runner,"request templates reviewed; edge validates hosts, methods, sizes",www.ebi.ac.uk
connector.chembl.target,connector,live_sources,,browser+runner,1g,browser now; data via the gateway,pyodide + same-origin gateway,yes,no,no,no,,yes: phone CPU (Pyodide ~11 MB once),unavailable offline or when the source is down; the runner,"request templates reviewed; edge validates hosts, methods, sizes",www.ebi.ac.uk
connector.chembl.target_search,connector,live_sources,,browser+runner,1g,browser now; data via the gateway,pyodide + same-origin gateway,yes,no,no,no,,yes: phone CPU (Pyodide ~11 MB once),unavailable offline or when the source is down; the runner,"request templates reviewed; edge validates hosts, methods, sizes",www.ebi.ac.uk
connector.chip_atlas.antigens,connector,live_sources,,browser+runner,1g,browser now; data via the gateway,pyodide + same-origin gateway,yes,no,no,no,,yes: phone CPU (Pyodide ~11 MB once),unavailable offline or when the source is down; the runner,"request templates reviewed; edge validates hosts, methods, sizes",chip-atlas.org
connector.chip_atlas.experiment,connector,live_sources,,browser+runner,1g,browser now; data via the gateway,pyodide + same-origin gateway,yes,no,no,no,,yes: phone CPU (Pyodide ~11 MB once),unavailable offline or when the source is down; the runner,"request templates reviewed; edge validates hosts, methods, sizes",chip-atlas.org
connector.chip_atlas.genomes,connector,live_sources,,browser+runner,1g,browser now; data via the gateway,pyodide + same-origin gateway,yes,no,no,no,,yes: phone CPU (Pyodide ~11 MB once),unavailable offline or when the source is down; the runner,"request templates reviewed; edge validates hosts, methods, sizes",chip-atlas.org
connector.chip_atlas.target_genes_index,connector,live_sources,,browser+runner,1g,browser now; data via the gateway,pyodide + same-origin gateway,yes,no,no,no,,yes: phone CPU (Pyodide ~11 MB once),unavailable offline or when the source is down; the runner,"request templates reviewed; edge validates hosts, methods, sizes",chip-atlas.org
connector.civic.gene,connector,live_sources,,browser+runner,1g,browser now; data via the gateway,pyodide + same-origin gateway,yes,no,no,no,,yes: phone CPU (Pyodide ~11 MB once),unavailable offline or when the source is down; the runner,"request templates reviewed; edge validates hosts, methods, sizes",civicdb.org
connector.civic.variant,connector,live_sources,,browser+runner,1g,browser now; data via the gateway,pyodide + same-origin gateway,yes,no,no,no,,yes: phone CPU (Pyodide ~11 MB once),unavailable offline or when the source is down; the runner,"request templates reviewed; edge validates hosts, methods, sizes",civicdb.org
connector.clinicaltrials.search,connector,live_sources,,browser+runner,1g,browser now; data via the gateway,pyodide + same-origin gateway,yes,no,no,no,,yes: phone CPU (Pyodide ~11 MB once),unavailable offline or when the source is down; the runner,"request templates reviewed; edge validates hosts, methods, sizes",clinicaltrials.gov
connector.clinicaltrials.study,connector,live_sources,,browser+runner,1g,browser now; data via the gateway,pyodide + same-origin gateway,yes,no,no,no,,yes: phone CPU (Pyodide ~11 MB once),unavailable offline or when the source is down; the runner,"request templates reviewed; edge validates hosts, methods, sizes",clinicaltrials.gov
connector.coconut.collection_molecules,connector,live_sources,,browser+runner,1g,browser now; data via the gateway,pyodide + same-origin gateway,yes,no,no,no,,yes: phone CPU (Pyodide ~11 MB once),unavailable offline or when the source is down; the runner,"request templates reviewed; edge validates hosts, methods, sizes",coconut.naturalproducts.net
connector.coconut.organism_molecules,connector,live_sources,,browser+runner,1g,browser now; data via the gateway,pyodide + same-origin gateway,yes,no,no,no,,yes: phone CPU (Pyodide ~11 MB once),unavailable offline or when the source is down; the runner,"request templates reviewed; edge validates hosts, methods, sizes",coconut.naturalproducts.net
connector.coconut.search,connector,live_sources,,browser+runner,1g,browser now; data via the gateway,pyodide + same-origin gateway,yes,no,no,no,,yes: phone CPU (Pyodide ~11 MB once),unavailable offline or when the source is down; the runner,"request templates reviewed; edge validates hosts, methods, sizes",coconut.naturalproducts.net
connector.cpic.alleles,connector,live_sources,,browser+runner,1g,browser now; data via the gateway,pyodide + same-origin gateway,yes,no,no,no,,yes: phone CPU (Pyodide ~11 MB once),unavailable offline or when the source is down; the runner,"request templates reviewed; edge validates hosts, methods, sizes",api.cpicpgx.org
connector.cpic.drug,connector,live_sources,,browser+runner,1g,browser now; data via the gateway,pyodide + same-origin gateway,yes,no,no,no,,yes: phone CPU (Pyodide ~11 MB once),unavailable offline or when the source is down; the runner,"request templates reviewed; edge validates hosts, methods, sizes",api.cpicpgx.org
connector.cpic.gene,connector,live_sources,,browser+runner,1g,browser now; data via the gateway,pyodide + same-origin gateway,yes,no,no,no,,yes: phone CPU (Pyodide ~11 MB once),unavailable offline or when the source is down; the runner,"request templates reviewed; edge validates hosts, methods, sizes",api.cpicpgx.org
connector.cpic.pairs_by_level,connector,live_sources,,browser+runner,1g,browser now; data via the gateway,pyodide + same-origin gateway,yes,no,no,no,,yes: phone CPU (Pyodide ~11 MB once),unavailable offline or when the source is down; the runner,"request templates reviewed; edge validates hosts, methods, sizes",api.cpicpgx.org
connector.cpic.pairs_for_drug,connector,live_sources,,browser+runner,1g,browser now; data via the gateway,pyodide + same-origin gateway,yes,no,no,no,,yes: phone CPU (Pyodide ~11 MB once),unavailable offline or when the source is down; the runner,"request templates reviewed; edge validates hosts, methods, sizes",api.cpicpgx.org
connector.cpic.pairs_for_gene,connector,live_sources,,browser+runner,1g,browser now; data via the gateway,pyodide + same-origin gateway,yes,no,no,no,,yes: phone CPU (Pyodide ~11 MB once),unavailable offline or when the source is down; the runner,"request templates reviewed; edge validates hosts, methods, sizes",api.cpicpgx.org
connector.cpic.recommendations,connector,live_sources,,browser+runner,1g,browser now; data via the gateway,pyodide + same-origin gateway,yes,no,no,no,,yes: phone CPU (Pyodide ~11 MB once),unavailable offline or when the source is down; the runner,"request templates reviewed; edge validates hosts, methods, sizes",api.cpicpgx.org
connector.cpic.report_files,connector,live_sources,,browser+runner,1g,browser now; data via the gateway,pyodide + same-origin gateway,yes,no,no,no,,yes: phone CPU (Pyodide ~11 MB once),unavailable offline or when the source is down; the runner,"request templates reviewed; edge validates hosts, methods, sizes",api.cpicpgx.org
connector.crossref.search,connector,literature,,browser+runner,1g,browser now; data via the gateway,pyodide + same-origin gateway,yes,no,no,no,,yes: phone CPU (Pyodide ~11 MB once),unavailable offline or when the source is down; the runner,"request templates reviewed; edge validates hosts, methods, sizes",api.crossref.org
connector.crossref.work,connector,literature,,browser+runner,1g,browser now; data via the gateway,pyodide + same-origin gateway,yes,no,no,no,,yes: phone CPU (Pyodide ~11 MB once),unavailable offline or when the source is down; the runner,"request templates reviewed; edge validates hosts, methods, sizes",api.crossref.org
connector.dailymed.drug_names,connector,live_sources,,browser+runner,1g,browser now; data via the gateway,pyodide + same-origin gateway,yes,no,no,no,,yes: phone CPU (Pyodide ~11 MB once),unavailable offline or when the source is down; the runner,"request templates reviewed; edge validates hosts, methods, sizes",dailymed.nlm.nih.gov
connector.dailymed.spls,connector,live_sources,,browser+runner,1g,browser now; data via the gateway,pyodide + same-origin gateway,yes,no,no,no,,yes: phone CPU (Pyodide ~11 MB once),unavailable offline or when the source is down; the runner,"request templates reviewed; edge validates hosts, methods, sizes",dailymed.nlm.nih.gov
connector.dcabm_tcm.herb_blood,connector,tcm_data,,browser+runner,1g,browser now; data via the gateway,pyodide + same-origin gateway,yes,no,no,no,,yes: phone CPU (Pyodide ~11 MB once),unavailable offline or when the source is down; the runner,"request templates reviewed; edge validates hosts, methods, sizes",bionet.ncpsb.org.cn
connector.dcabm_tcm.ingredient,connector,tcm_data,,browser+runner,1g,browser now; data via the gateway,pyodide + same-origin gateway,yes,no,no,no,,yes: phone CPU (Pyodide ~11 MB once),unavailable offline or when the source is down; the runner,"request templates reviewed; edge validates hosts, methods, sizes",bionet.ncpsb.org.cn
connector.dcabm_tcm.prescription_blood,connector,tcm_data,,browser+runner,1g,browser now; data via the gateway,pyodide + same-origin gateway,yes,no,no,no,,yes: phone CPU (Pyodide ~11 MB once),unavailable offline or when the source is down; the runner,"request templates reviewed; edge validates hosts, methods, sizes",bionet.ncpsb.org.cn
connector.dgidb.drug_interactions,connector,live_sources,,browser+runner,1g,browser now; data via the gateway,pyodide + same-origin gateway,yes,no,no,no,,yes: phone CPU (Pyodide ~11 MB once),unavailable offline or when the source is down; the runner,"request templates reviewed; edge validates hosts, methods, sizes",dgidb.org
connector.dgidb.gene_interactions,connector,live_sources,,browser+runner,1g,browser now; data via the gateway,pyodide + same-origin gateway,yes,no,no,no,,yes: phone CPU (Pyodide ~11 MB once),unavailable offline or when the source is down; the runner,"request templates reviewed; edge validates hosts, methods, sizes",dgidb.org
connector.disease_ontology.metadata,connector,live_sources,,browser+runner,1g,browser now; data via the gateway,pyodide + same-origin gateway,yes,no,no,no,,yes: phone CPU (Pyodide ~11 MB once),unavailable offline or when the source is down; the runner,"request templates reviewed; edge validates hosts, methods, sizes",disease-ontology.org
connector.disprot.entry,connector,live_sources,,browser+runner,1g,browser now; data via the gateway,pyodide + same-origin gateway,yes,no,no,no,,yes: phone CPU (Pyodide ~11 MB once),unavailable offline or when the source is down; the runner,"request templates reviewed; edge validates hosts, methods, sizes",disprot.org
connector.disprot.search_by_accession,connector,live_sources,,browser+runner,1g,browser now; data via the gateway,pyodide + same-origin gateway,yes,no,no,no,,yes: phone CPU (Pyodide ~11 MB once),unavailable offline or when the source is down; the runner,"request templates reviewed; edge validates hosts, methods, sizes",disprot.org
connector.drugcentral.activities,connector,live_sources,,browser+runner,1g,browser now; data via the gateway,pyodide + same-origin gateway,yes,no,no,no,,yes: phone CPU (Pyodide ~11 MB once),unavailable offline or when the source is down; the runner,"request templates reviewed; edge validates hosts, methods, sizes",uxn2ycvimg.us-east-2.awsapprunner.com
connector.drugcentral.atc,connector,live_sources,,browser+runner,1g,browser now; data via the gateway,pyodide + same-origin gateway,yes,no,no,no,,yes: phone CPU (Pyodide ~11 MB once),unavailable offline or when the source is down; the runner,"request templates reviewed; edge validates hosts, methods, sizes",uxn2ycvimg.us-east-2.awsapprunner.com
connector.drugcentral.drug_by_name,connector,live_sources,,browser+runner,1g,browser now; data via the gateway,pyodide + same-origin gateway,yes,no,no,no,,yes: phone CPU (Pyodide ~11 MB once),unavailable offline or when the source is down; the runner,"request templates reviewed; edge validates hosts, methods, sizes",uxn2ycvimg.us-east-2.awsapprunner.com
connector.drugcentral.faers,connector,live_sources,,browser+runner,1g,browser now; data via the gateway,pyodide + same-origin gateway,yes,no,no,no,,yes: phone CPU (Pyodide ~11 MB once),unavailable offline or when the source is down; the runner,"request templates reviewed; edge validates hosts, methods, sizes",uxn2ycvimg.us-east-2.awsapprunner.com
connector.drugcentral.gene_activities,connector,live_sources,,browser+runner,1g,browser now; data via the gateway,pyodide + same-origin gateway,yes,no,no,no,,yes: phone CPU (Pyodide ~11 MB once),unavailable offline or when the source is down; the runner,"request templates reviewed; edge validates hosts, methods, sizes",uxn2ycvimg.us-east-2.awsapprunner.com
connector.drugcentral.identifiers,connector,live_sources,,browser+runner,1g,browser now; data via the gateway,pyodide + same-origin gateway,yes,no,no,no,,yes: phone CPU (Pyodide ~11 MB once),unavailable offline or when the source is down; the runner,"request templates reviewed; edge validates hosts, methods, sizes",uxn2ycvimg.us-east-2.awsapprunner.com
connector.drugcentral.indications,connector,live_sources,,browser+runner,1g,browser now; data via the gateway,pyodide + same-origin gateway,yes,no,no,no,,yes: phone CPU (Pyodide ~11 MB once),unavailable offline or when the source is down; the runner,"request templates reviewed; edge validates hosts, methods, sizes",uxn2ycvimg.us-east-2.awsapprunner.com
connector.drugcentral.structure,connector,live_sources,,browser+runner,1g,browser now; data via the gateway,pyodide + same-origin gateway,yes,no,no,no,,yes: phone CPU (Pyodide ~11 MB once),unavailable offline or when the source is down; the runner,"request templates reviewed; edge validates hosts, methods, sizes",uxn2ycvimg.us-east-2.awsapprunner.com
connector.drugcentral.structure_by_inchikey,connector,live_sources,,browser+runner,1g,browser now; data via the gateway,pyodide + same-origin gateway,yes,no,no,no,,yes: phone CPU (Pyodide ~11 MB once),unavailable offline or when the source is down; the runner,"request templates reviewed; edge validates hosts, methods, sizes",uxn2ycvimg.us-east-2.awsapprunner.com
connector.drugcentral.target_activities,connector,live_sources,,browser+runner,1g,browser now; data via the gateway,pyodide + same-origin gateway,yes,no,no,no,,yes: phone CPU (Pyodide ~11 MB once),unavailable offline or when the source is down; the runner,"request templates reviewed; edge validates hosts, methods, sizes",uxn2ycvimg.us-east-2.awsapprunner.com
connector.ebi_search.domains,connector,literature,,browser+runner,1g,browser now; data via the gateway,pyodide + same-origin gateway,yes,no,no,no,,yes: phone CPU (Pyodide ~11 MB once),unavailable offline or when the source is down; the runner,"request templates reviewed; edge validates hosts, methods, sizes",www.ebi.ac.uk
connector.ebi_search.search,connector,literature,,browser+runner,1g,browser now; data via the gateway,pyodide + same-origin gateway,yes,no,no,no,,yes: phone CPU (Pyodide ~11 MB once),unavailable offline or when the source is down; the runner,"request templates reviewed; edge validates hosts, methods, sizes",www.ebi.ac.uk
connector.ena.filereport,connector,live_sources,,browser+runner,1g,browser now; data via the gateway,pyodide + same-origin gateway,yes,no,no,no,,yes: phone CPU (Pyodide ~11 MB once),unavailable offline or when the source is down; the runner,"request templates reviewed; edge validates hosts, methods, sizes",www.ebi.ac.uk
connector.ena.search,connector,live_sources,,browser+runner,1g,browser now; data via the gateway,pyodide + same-origin gateway,yes,no,no,no,,yes: phone CPU (Pyodide ~11 MB once),unavailable offline or when the source is down; the runner,"request templates reviewed; edge validates hosts, methods, sizes",www.ebi.ac.uk
connector.encode.experiment,connector,live_sources,,browser+runner,1g,browser now; data via the gateway,pyodide + same-origin gateway,yes,no,no,no,,yes: phone CPU (Pyodide ~11 MB once),unavailable offline or when the source is down; the runner,"request templates reviewed; edge validates hosts, methods, sizes",www.encodeproject.org
connector.encode.search,connector,live_sources,,browser+runner,1g,browser now; data via the gateway,pyodide + same-origin gateway,yes,no,no,no,,yes: phone CPU (Pyodide ~11 MB once),unavailable offline or when the source is down; the runner,"request templates reviewed; edge validates hosts, methods, sizes",www.encodeproject.org
connector.ensembl.gene_lookup,connector,live_sources,,browser+runner,1g,browser now; data via the gateway,pyodide + same-origin gateway,yes,no,no,no,,yes: phone CPU (Pyodide ~11 MB once),unavailable offline or when the source is down; the runner,"request templates reviewed; edge validates hosts, methods, sizes",rest.ensembl.org
connector.ensembl.id_lookup,connector,live_sources,,browser+runner,1g,browser now; data via the gateway,pyodide + same-origin gateway,yes,no,no,no,,yes: phone CPU (Pyodide ~11 MB once),unavailable offline or when the source is down; the runner,"request templates reviewed; edge validates hosts, methods, sizes",rest.ensembl.org
connector.ensembl.ping,connector,live_sources,,browser+runner,1g,browser now; data via the gateway,pyodide + same-origin gateway,yes,no,no,no,,yes: phone CPU (Pyodide ~11 MB once),unavailable offline or when the source is down; the runner,"request templates reviewed; edge validates hosts, methods, sizes",rest.ensembl.org
connector.ensembl.sequence,connector,live_sources,,browser+runner,1g,browser now; data via the gateway,pyodide + same-origin gateway,yes,no,no,no,,yes: phone CPU (Pyodide ~11 MB once),unavailable offline or when the source is down; the runner,"request templates reviewed; edge validates hosts, methods, sizes",rest.ensembl.org
connector.ensembl.vep_hgvs,connector,live_sources,,browser+runner,1g,browser now; data via the gateway,pyodide + same-origin gateway,yes,no,no,no,,yes: phone CPU (Pyodide ~11 MB once),unavailable offline or when the source is down; the runner,"request templates reviewed; edge validates hosts, methods, sizes",rest.ensembl.org
connector.ensembl.xrefs,connector,live_sources,,browser+runner,1g,browser now; data via the gateway,pyodide + same-origin gateway,yes,no,no,no,,yes: phone CPU (Pyodide ~11 MB once),unavailable offline or when the source is down; the runner,"request templates reviewed; edge validates hosts, methods, sizes",rest.ensembl.org
connector.europepmc.citations,connector,literature,,browser+runner,1g,browser now; data via the gateway,pyodide + same-origin gateway,yes,no,no,no,,yes: phone CPU (Pyodide ~11 MB once),unavailable offline or when the source is down; the runner,"request templates reviewed; edge validates hosts, methods, sizes",www.ebi.ac.uk
connector.europepmc.search,connector,literature,,browser+runner,1g,browser now; data via the gateway,pyodide + same-origin gateway,yes,no,no,no,,yes: phone CPU (Pyodide ~11 MB once),unavailable offline or when the source is down; the runner,"request templates reviewed; edge validates hosts, methods, sizes",www.ebi.ac.uk
connector.europepmc_annotations.by_article,connector,literature,,browser+runner,1g,browser now; data via the gateway,pyodide + same-origin gateway,yes,no,no,no,,yes: phone CPU (Pyodide ~11 MB once),unavailable offline or when the source is down; the runner,"request templates reviewed; edge validates hosts, methods, sizes",www.ebi.ac.uk
connector.europepmc_annotations.by_entity,connector,literature,,browser+runner,1g,browser now; data via the gateway,pyodide + same-origin gateway,yes,no,no,no,,yes: phone CPU (Pyodide ~11 MB once),unavailable offline or when the source is down; the runner,"request templates reviewed; edge validates hosts, methods, sizes",www.ebi.ac.uk
connector.figshare.article,connector,live_sources,,browser+runner,1g,browser now; data via the gateway,pyodide + same-origin gateway,yes,no,no,no,,yes: phone CPU (Pyodide ~11 MB once),unavailable offline or when the source is down; the runner,"request templates reviewed; edge validates hosts, methods, sizes",api.figshare.com
connector.figshare.article_files,connector,live_sources,,browser+runner,1g,browser now; data via the gateway,pyodide + same-origin gateway,yes,no,no,no,,yes: phone CPU (Pyodide ~11 MB once),unavailable offline or when the source is down; the runner,"request templates reviewed; edge validates hosts, methods, sizes",api.figshare.com
connector.fourdn.experiment_set,connector,live_sources,,browser+runner,1g,browser now; data via the gateway,pyodide + same-origin gateway,yes,no,no,no,,yes: phone CPU (Pyodide ~11 MB once),unavailable offline or when the source is down; the runner,"request templates reviewed; edge validates hosts, methods, sizes",data.4dnucleome.org
connector.fourdn.experiment_sets_by_sample,connector,live_sources,,browser+runner,1g,browser now; data via the gateway,pyodide + same-origin gateway,yes,no,no,no,,yes: phone CPU (Pyodide ~11 MB once),unavailable offline or when the source is down; the runner,"request templates reviewed; edge validates hosts, methods, sizes",data.4dnucleome.org
connector.fourdn.processed_file,connector,live_sources,,browser+runner,1g,browser now; data via the gateway,pyodide + same-origin gateway,yes,no,no,no,,yes: phone CPU (Pyodide ~11 MB once),unavailable offline or when the source is down; the runner,"request templates reviewed; edge validates hosts, methods, sizes",data.4dnucleome.org
connector.fourdn.processed_files_by_format,connector,live_sources,,browser+runner,1g,browser now; data via the gateway,pyodide + same-origin gateway,yes,no,no,no,,yes: phone CPU (Pyodide ~11 MB once),unavailable offline or when the source is down; the runner,"request templates reviewed; edge validates hosts, methods, sizes",data.4dnucleome.org
connector.gbif.match,connector,live_sources,,browser+runner,1g,browser now; data via the gateway,pyodide + same-origin gateway,yes,no,no,no,,yes: phone CPU (Pyodide ~11 MB once),unavailable offline or when the source is down; the runner,"request templates reviewed; edge validates hosts, methods, sizes",api.gbif.org
connector.gbif.occurrences,connector,live_sources,,browser+runner,1g,browser now; data via the gateway,pyodide + same-origin gateway,yes,no,no,no,,yes: phone CPU (Pyodide ~11 MB once),unavailable offline or when the source is down; the runner,"request templates reviewed; edge validates hosts, methods, sizes",api.gbif.org
connector.gbif.species,connector,live_sources,,browser+runner,1g,browser now; data via the gateway,pyodide + same-origin gateway,yes,no,no,no,,yes: phone CPU (Pyodide ~11 MB once),unavailable offline or when the source is down; the runner,"request templates reviewed; edge validates hosts, methods, sizes",api.gbif.org
connector.gdc.cases,connector,live_sources,,browser+runner,1g,browser now; data via the gateway,pyodide + same-origin gateway,yes,no,no,no,,yes: phone CPU (Pyodide ~11 MB once),unavailable offline or when the source is down; the runner,"request templates reviewed; edge validates hosts, methods, sizes",api.gdc.cancer.gov
connector.gdc.project,connector,live_sources,,browser+runner,1g,browser now; data via the gateway,pyodide + same-origin gateway,yes,no,no,no,,yes: phone CPU (Pyodide ~11 MB once),unavailable offline or when the source is down; the runner,"request templates reviewed; edge validates hosts, methods, sizes",api.gdc.cancer.gov
connector.gdc.projects,connector,live_sources,,browser+runner,1g,browser now; data via the gateway,pyodide + same-origin gateway,yes,no,no,no,,yes: phone CPU (Pyodide ~11 MB once),unavailable offline or when the source is down; the runner,"request templates reviewed; edge validates hosts, methods, sizes",api.gdc.cancer.gov
connector.gdc.status,connector,live_sources,,browser+runner,1g,browser now; data via the gateway,pyodide + same-origin gateway,yes,no,no,no,,yes: phone CPU (Pyodide ~11 MB once),unavailable offline or when the source is down; the runner,"request templates reviewed; edge validates hosts, methods, sizes",api.gdc.cancer.gov
connector.gnomad.gene_constraint,connector,live_sources,,browser+runner,1g,browser now; data via the gateway,pyodide + same-origin gateway,yes,no,no,no,,yes: phone CPU (Pyodide ~11 MB once),unavailable offline or when the source is down; the runner,"request templates reviewed; edge validates hosts, methods, sizes",gnomad.broadinstitute.org
connector.gnomad.variant,connector,live_sources,,browser+runner,1g,browser now; data via the gateway,pyodide + same-origin gateway,yes,no,no,no,,yes: phone CPU (Pyodide ~11 MB once),unavailable offline or when the source is down; the runner,"request templates reviewed; edge validates hosts, methods, sizes",gnomad.broadinstitute.org
connector.gnps.libraries,connector,live_sources,,browser+runner,1g,browser now; data via the gateway,pyodide + same-origin gateway,yes,no,no,no,,yes: phone CPU (Pyodide ~11 MB once),unavailable offline or when the source is down; the runner,"request templates reviewed; edge validates hosts, methods, sizes",external.gnps2.org
connector.gnps.spectrum,connector,live_sources,,browser+runner,1g,browser now; data via the gateway,pyodide + same-origin gateway,yes,no,no,no,,yes: phone CPU (Pyodide ~11 MB once),unavailable offline or when the source is down; the runner,"request templates reviewed; edge validates hosts, methods, sizes",external.gnps2.org
connector.gnps_explorer.dataset_files,connector,live_sources,,browser+runner,1g,browser now; data via the gateway,pyodide + same-origin gateway,yes,no,no,no,,yes: phone CPU (Pyodide ~11 MB once),unavailable offline or when the source is down; the runner,"request templates reviewed; edge validates hosts, methods, sizes",explorer.gnps2.org
connector.gnps_usi.spectrum,connector,live_sources,,browser+runner,1g,browser now; data via the gateway,pyodide + same-origin gateway,yes,no,no,no,,yes: phone CPU (Pyodide ~11 MB once),unavailable offline or when the source is down; the runner,"request templates reviewed; edge validates hosts, methods, sizes",metabolomics-usi.gnps2.org
connector.gpcrdb.drugs,connector,live_sources,,browser+runner,1g,browser now; data via the gateway,pyodide + same-origin gateway,yes,no,no,no,,yes: phone CPU (Pyodide ~11 MB once),unavailable offline or when the source is down; the runner,"request templates reviewed; edge validates hosts, methods, sizes",gpcrdb.org
connector.gpcrdb.ligands,connector,live_sources,,browser+runner,1g,browser now; data via the gateway,pyodide + same-origin gateway,yes,no,no,no,,yes: phone CPU (Pyodide ~11 MB once),unavailable offline or when the source is down; the runner,"request templates reviewed; edge validates hosts, methods, sizes",gpcrdb.org
connector.gpcrdb.mutants,connector,live_sources,,browser+runner,1g,browser now; data via the gateway,pyodide + same-origin gateway,yes,no,no,no,,yes: phone CPU (Pyodide ~11 MB once),unavailable offline or when the source is down; the runner,"request templates reviewed; edge validates hosts, methods, sizes",gpcrdb.org
connector.gpcrdb.protein,connector,live_sources,,browser+runner,1g,browser now; data via the gateway,pyodide + same-origin gateway,yes,no,no,no,,yes: phone CPU (Pyodide ~11 MB once),unavailable offline or when the source is down; the runner,"request templates reviewed; edge validates hosts, methods, sizes",gpcrdb.org
connector.gpcrdb.protein_by_accession,connector,live_sources,,browser+runner,1g,browser now; data via the gateway,pyodide + same-origin gateway,yes,no,no,no,,yes: phone CPU (Pyodide ~11 MB once),unavailable offline or when the source is down; the runner,"request templates reviewed; edge validates hosts, methods, sizes",gpcrdb.org
connector.gpcrdb.structure,connector,live_sources,,browser+runner,1g,browser now; data via the gateway,pyodide + same-origin gateway,yes,no,no,no,,yes: phone CPU (Pyodide ~11 MB once),unavailable offline or when the source is down; the runner,"request templates reviewed; edge validates hosts, methods, sizes",gpcrdb.org
connector.gprofiler.convert,connector,live_sources,,browser+runner,1g,browser now; data via the gateway,pyodide + same-origin gateway,yes,no,no,no,,yes: phone CPU (Pyodide ~11 MB once),unavailable offline or when the source is down; the runner,"request templates reviewed; edge validates hosts, methods, sizes",biit.cs.ut.ee
connector.gprofiler.gost,connector,live_sources,,browser+runner,1g,browser now; data via the gateway,pyodide + same-origin gateway,yes,no,no,no,,yes: phone CPU (Pyodide ~11 MB once),unavailable offline or when the source is down; the runner,"request templates reviewed; edge validates hosts, methods, sizes",biit.cs.ut.ee
connector.gtex.gene,connector,live_sources,,browser+runner,1g,browser now; data via the gateway,pyodide + same-origin gateway,yes,no,no,no,,yes: phone CPU (Pyodide ~11 MB once),unavailable offline or when the source is down; the runner,"request templates reviewed; edge validates hosts, methods, sizes",gtexportal.org
connector.gtex.median_expression,connector,live_sources,,browser+runner,1g,browser now; data via the gateway,pyodide + same-origin gateway,yes,no,no,no,,yes: phone CPU (Pyodide ~11 MB once),unavailable offline or when the source is down; the runner,"request templates reviewed; edge validates hosts, methods, sizes",gtexportal.org
connector.gutmgene.metabolite_gene,connector,live_sources,,browser+runner,1g,browser now; data via the gateway,pyodide + same-origin gateway,yes,no,no,no,,yes: phone CPU (Pyodide ~11 MB once),unavailable offline or when the source is down; the runner,"request templates reviewed; edge validates hosts, methods, sizes",bio-computing.hrbmu.edu.cn
connector.gutmgene.microbe_gene,connector,live_sources,,browser+runner,1g,browser now; data via the gateway,pyodide + same-origin gateway,yes,no,no,no,,yes: phone CPU (Pyodide ~11 MB once),unavailable offline or when the source is down; the runner,"request templates reviewed; edge validates hosts, methods, sizes",bio-computing.hrbmu.edu.cn
connector.gutmgene.microbe_metabolite,connector,live_sources,,browser+runner,1g,browser now; data via the gateway,pyodide + same-origin gateway,yes,no,no,no,,yes: phone CPU (Pyodide ~11 MB once),unavailable offline or when the source is down; the runner,"request templates reviewed; edge validates hosts, methods, sizes",bio-computing.hrbmu.edu.cn
connector.gwas_catalog.associations_by_rsid,connector,live_sources,,browser+runner,1g,browser now; data via the gateway,pyodide + same-origin gateway,yes,no,no,no,,yes: phone CPU (Pyodide ~11 MB once),unavailable offline or when the source is down; the runner,"request templates reviewed; edge validates hosts, methods, sizes",www.ebi.ac.uk
connector.gwas_catalog.snp,connector,live_sources,,browser+runner,1g,browser now; data via the gateway,pyodide + same-origin gateway,yes,no,no,no,,yes: phone CPU (Pyodide ~11 MB once),unavailable offline or when the source is down; the runner,"request templates reviewed; edge validates hosts, methods, sizes",www.ebi.ac.uk
connector.gwas_catalog.snps_by_gene,connector,live_sources,,browser+runner,1g,browser now; data via the gateway,pyodide + same-origin gateway,yes,no,no,no,,yes: phone CPU (Pyodide ~11 MB once),unavailable offline or when the source is down; the runner,"request templates reviewed; edge validates hosts, methods, sizes",www.ebi.ac.uk
connector.hca_azul.file,connector,live_sources,,browser+runner,1g,browser now; data via the gateway,pyodide + same-origin gateway,yes,no,no,no,,yes: phone CPU (Pyodide ~11 MB once),unavailable offline or when the source is down; the runner,"request templates reviewed; edge validates hosts, methods, sizes",service.azul.data.humancellatlas.org
connector.hca_azul.project,connector,live_sources,,browser+runner,1g,browser now; data via the gateway,pyodide + same-origin gateway,yes,no,no,no,,yes: phone CPU (Pyodide ~11 MB once),unavailable offline or when the source is down; the runner,"request templates reviewed; edge validates hosts, methods, sizes",service.azul.data.humancellatlas.org
connector.herb_api.detail,connector,tcm_data,,browser+runner,1g,browser now; data via the gateway,pyodide + same-origin gateway,yes,no,no,no,,yes: phone CPU (Pyodide ~11 MB once),unavailable offline or when the source is down; the runner,"request templates reviewed; edge validates hosts, methods, sizes",47.92.70.12
connector.herb_api.search,connector,tcm_data,,browser+runner,1g,browser now; data via the gateway,pyodide + same-origin gateway,yes,no,no,no,,yes: phone CPU (Pyodide ~11 MB once),unavailable offline or when the source is down; the runner,"request templates reviewed; edge validates hosts, methods, sizes",47.92.70.12
connector.hf_datasets_server.rows,connector,live_sources,,browser+runner,1g,browser now; data via the gateway,pyodide + same-origin gateway,yes,no,no,no,,yes: phone CPU (Pyodide ~11 MB once),unavailable offline or when the source is down; the runner,"request templates reviewed; edge validates hosts, methods, sizes",datasets-server.huggingface.co
connector.hf_datasets_server.splits,connector,live_sources,,browser+runner,1g,browser now; data via the gateway,pyodide + same-origin gateway,yes,no,no,no,,yes: phone CPU (Pyodide ~11 MB once),unavailable offline or when the source is down; the runner,"request templates reviewed; edge validates hosts, methods, sizes",datasets-server.huggingface.co
connector.hgnc.hgnc_id,connector,live_sources,,browser+runner,1g,browser now; data via the gateway,pyodide + same-origin gateway,yes,no,no,no,,yes: phone CPU (Pyodide ~11 MB once),unavailable offline or when the source is down; the runner,"request templates reviewed; edge validates hosts, methods, sizes",rest.genenames.org
connector.hgnc.search,connector,live_sources,,browser+runner,1g,browser now; data via the gateway,pyodide + same-origin gateway,yes,no,no,no,,yes: phone CPU (Pyodide ~11 MB once),unavailable offline or when the source is down; the runner,"request templates reviewed; edge validates hosts, methods, sizes",rest.genenames.org
connector.hgnc.symbol,connector,live_sources,,browser+runner,1g,browser now; data via the gateway,pyodide + same-origin gateway,yes,no,no,no,,yes: phone CPU (Pyodide ~11 MB once),unavailable offline or when the source is down; the runner,"request templates reviewed; edge validates hosts, methods, sizes",rest.genenames.org
connector.hpo.search,connector,live_sources,,browser+runner,1g,browser now; data via the gateway,pyodide + same-origin gateway,yes,no,no,no,,yes: phone CPU (Pyodide ~11 MB once),unavailable offline or when the source is down; the runner,"request templates reviewed; edge validates hosts, methods, sizes",ontology.jax.org
connector.hpo.term,connector,live_sources,,browser+runner,1g,browser now; data via the gateway,pyodide + same-origin gateway,yes,no,no,no,,yes: phone CPU (Pyodide ~11 MB once),unavailable offline or when the source is down; the runner,"request templates reviewed; edge validates hosts, methods, sizes",ontology.jax.org
connector.hpo.term_annotations,connector,live_sources,,browser+runner,1g,browser now; data via the gateway,pyodide + same-origin gateway,yes,no,no,no,,yes: phone CPU (Pyodide ~11 MB once),unavailable offline or when the source is down; the runner,"request templates reviewed; edge validates hosts, methods, sizes",ontology.jax.org
connector.hubmap_entity.entity,connector,live_sources,,browser+runner,1g,browser now; data via the gateway,pyodide + same-origin gateway,yes,no,no,no,,yes: phone CPU (Pyodide ~11 MB once),unavailable offline or when the source is down; the runner,"request templates reviewed; edge validates hosts, methods, sizes",entity.api.hubmapconsortium.org
connector.hubmap_portal.entity,connector,live_sources,,browser+runner,1g,browser now; data via the gateway,pyodide + same-origin gateway,yes,no,no,no,,yes: phone CPU (Pyodide ~11 MB once),unavailable offline or when the source is down; the runner,"request templates reviewed; edge validates hosts, methods, sizes",portal.hubmapconsortium.org
connector.hubmap_portal.organ,connector,live_sources,,browser+runner,1g,browser now; data via the gateway,pyodide + same-origin gateway,yes,no,no,no,,yes: phone CPU (Pyodide ~11 MB once),unavailable offline or when the source is down; the runner,"request templates reviewed; edge validates hosts, methods, sizes",portal.hubmapconsortium.org
connector.hubmap_search.datasets_by_organ,connector,live_sources,,browser+runner,1g,browser now; data via the gateway,pyodide + same-origin gateway,yes,no,no,no,,yes: phone CPU (Pyodide ~11 MB once),unavailable offline or when the source is down; the runner,"request templates reviewed; edge validates hosts, methods, sizes",search.api.hubmapconsortium.org
connector.hubmap_search.datasets_by_type,connector,live_sources,,browser+runner,1g,browser now; data via the gateway,pyodide + same-origin gateway,yes,no,no,no,,yes: phone CPU (Pyodide ~11 MB once),unavailable offline or when the source is down; the runner,"request templates reviewed; edge validates hosts, methods, sizes",search.api.hubmapconsortium.org
connector.huggingface.dataset,connector,live_sources,,browser+runner,1g,browser now; data via the gateway,pyodide + same-origin gateway,yes,no,no,no,,yes: phone CPU (Pyodide ~11 MB once),unavailable offline or when the source is down; the runner,"request templates reviewed; edge validates hosts, methods, sizes",huggingface.co
connector.huggingface.dataset_tree,connector,live_sources,,browser+runner,1g,browser now; data via the gateway,pyodide + same-origin gateway,yes,no,no,no,,yes: phone CPU (Pyodide ~11 MB once),unavailable offline or when the source is down; the runner,"request templates reviewed; edge validates hosts, methods, sizes",huggingface.co
connector.idc.analysis_results,connector,live_sources,,browser+runner,1g,browser now; data via the gateway,pyodide + same-origin gateway,yes,no,no,no,,yes: phone CPU (Pyodide ~11 MB once),unavailable offline or when the source is down; the runner,"request templates reviewed; edge validates hosts, methods, sizes",api.imaging.datacommons.cancer.gov
connector.idc.attribute_values,connector,live_sources,,browser+runner,1g,browser now; data via the gateway,pyodide + same-origin gateway,yes,no,no,no,,yes: phone CPU (Pyodide ~11 MB once),unavailable offline or when the source is down; the runner,"request templates reviewed; edge validates hosts, methods, sizes",api.imaging.datacommons.cancer.gov
connector.idc.clinical_tables,connector,live_sources,,browser+runner,1g,browser now; data via the gateway,pyodide + same-origin gateway,yes,no,no,no,,yes: phone CPU (Pyodide ~11 MB once),unavailable offline or when the source is down; the runner,"request templates reviewed; edge validates hosts, methods, sizes",api.imaging.datacommons.cancer.gov
connector.idc.cohort_counts,connector,live_sources,,browser+runner,1g,browser now; data via the gateway,pyodide + same-origin gateway,yes,no,no,no,,yes: phone CPU (Pyodide ~11 MB once),unavailable offline or when the source is down; the runner,"request templates reviewed; edge validates hosts, methods, sizes",api.imaging.datacommons.cancer.gov
connector.idc.collection,connector,live_sources,,browser+runner,1g,browser now; data via the gateway,pyodide + same-origin gateway,yes,no,no,no,,yes: phone CPU (Pyodide ~11 MB once),unavailable offline or when the source is down; the runner,"request templates reviewed; edge validates hosts, methods, sizes",api.imaging.datacommons.cancer.gov
connector.idc.collections,connector,live_sources,,browser+runner,1g,browser now; data via the gateway,pyodide + same-origin gateway,yes,no,no,no,,yes: phone CPU (Pyodide ~11 MB once),unavailable offline or when the source is down; the runner,"request templates reviewed; edge validates hosts, methods, sizes",api.imaging.datacommons.cancer.gov
connector.idc.licenses,connector,live_sources,,browser+runner,1g,browser now; data via the gateway,pyodide + same-origin gateway,yes,no,no,no,,yes: phone CPU (Pyodide ~11 MB once),unavailable offline or when the source is down; the runner,"request templates reviewed; edge validates hosts, methods, sizes",api.imaging.datacommons.cancer.gov
connector.idc.sql,connector,live_sources,,browser+runner,1g,browser now; data via the gateway,pyodide + same-origin gateway,yes,no,no,no,,yes: phone CPU (Pyodide ~11 MB once),unavailable offline or when the source is down; the runner,"request templates reviewed; edge validates hosts, methods, sizes",api.imaging.datacommons.cancer.gov
connector.idc.stats,connector,live_sources,,browser+runner,1g,browser now; data via the gateway,pyodide + same-origin gateway,yes,no,no,no,,yes: phone CPU (Pyodide ~11 MB once),unavailable offline or when the source is down; the runner,"request templates reviewed; edge validates hosts, methods, sizes",api.imaging.datacommons.cancer.gov
connector.idc.table,connector,live_sources,,browser+runner,1g,browser now; data via the gateway,pyodide + same-origin gateway,yes,no,no,no,,yes: phone CPU (Pyodide ~11 MB once),unavailable offline or when the source is down; the runner,"request templates reviewed; edge validates hosts, methods, sizes",api.imaging.datacommons.cancer.gov
connector.idc.tables,connector,live_sources,,browser+runner,1g,browser now; data via the gateway,pyodide + same-origin gateway,yes,no,no,no,,yes: phone CPU (Pyodide ~11 MB once),unavailable offline or when the source is down; the runner,"request templates reviewed; edge validates hosts, methods, sizes",api.imaging.datacommons.cancer.gov
connector.idc.version,connector,live_sources,,browser+runner,1g,browser now; data via the gateway,pyodide + same-origin gateway,yes,no,no,no,,yes: phone CPU (Pyodide ~11 MB once),unavailable offline or when the source is down; the runner,"request templates reviewed; edge validates hosts, methods, sizes",api.imaging.datacommons.cancer.gov
connector.identifiers_org.resolve,connector,live_sources,,browser+runner,1g,browser now; data via the gateway,pyodide + same-origin gateway,yes,no,no,no,,yes: phone CPU (Pyodide ~11 MB once),unavailable offline or when the source is down; the runner,"request templates reviewed; edge validates hosts, methods, sizes",resolver.api.identifiers.org
connector.idr.compound_studies,connector,live_sources,,browser+runner,1g,browser now; data via the gateway,pyodide + same-origin gateway,yes,no,no,no,,yes: phone CPU (Pyodide ~11 MB once),unavailable offline or when the source is down; the runner,"request templates reviewed; edge validates hosts, methods, sizes",idr.openmicroscopy.org
connector.idr.container_values,connector,live_sources,,browser+runner,1g,browser now; data via the gateway,pyodide + same-origin gateway,yes,no,no,no,,yes: phone CPU (Pyodide ~11 MB once),unavailable offline or when the source is down; the runner,"request templates reviewed; edge validates hosts, methods, sizes",idr.openmicroscopy.org
connector.idr.containers,connector,live_sources,,browser+runner,1g,browser now; data via the gateway,pyodide + same-origin gateway,yes,no,no,no,,yes: phone CPU (Pyodide ~11 MB once),unavailable offline or when the source is down; the runner,"request templates reviewed; edge validates hosts, methods, sizes",idr.openmicroscopy.org
connector.idr.gene_studies,connector,live_sources,,browser+runner,1g,browser now; data via the gateway,pyodide + same-origin gateway,yes,no,no,no,,yes: phone CPU (Pyodide ~11 MB once),unavailable offline or when the source is down; the runner,"request templates reviewed; edge validates hosts, methods, sizes",idr.openmicroscopy.org
connector.idr.project_study,connector,live_sources,,browser+runner,1g,browser now; data via the gateway,pyodide + same-origin gateway,yes,no,no,no,,yes: phone CPU (Pyodide ~11 MB once),unavailable offline or when the source is down; the runner,"request templates reviewed; edge validates hosts, methods, sizes",idr.openmicroscopy.org
connector.idr.projects,connector,live_sources,,browser+runner,1g,browser now; data via the gateway,pyodide + same-origin gateway,yes,no,no,no,,yes: phone CPU (Pyodide ~11 MB once),unavailable offline or when the source is down; the runner,"request templates reviewed; edge validates hosts, methods, sizes",idr.openmicroscopy.org
connector.idr.screen_study,connector,live_sources,,browser+runner,1g,browser now; data via the gateway,pyodide + same-origin gateway,yes,no,no,no,,yes: phone CPU (Pyodide ~11 MB once),unavailable offline or when the source is down; the runner,"request templates reviewed; edge validates hosts, methods, sizes",idr.openmicroscopy.org
connector.idr.screens,connector,live_sources,,browser+runner,1g,browser now; data via the gateway,pyodide + same-origin gateway,yes,no,no,no,,yes: phone CPU (Pyodide ~11 MB once),unavailable offline or when the source is down; the runner,"request templates reviewed; edge validates hosts, methods, sizes",idr.openmicroscopy.org
connector.idr.search_studies,connector,live_sources,,browser+runner,1g,browser now; data via the gateway,pyodide + same-origin gateway,yes,no,no,no,,yes: phone CPU (Pyodide ~11 MB once),unavailable offline or when the source is down; the runner,"request templates reviewed; edge validates hosts, methods, sizes",idr.openmicroscopy.org
connector.iedb.antigens,connector,live_sources,,browser+runner,1g,browser now; data via the gateway,pyodide + same-origin gateway,yes,no,no,no,,yes: phone CPU (Pyodide ~11 MB once),unavailable offline or when the source is down; the runner,"request templates reviewed; edge validates hosts, methods, sizes",query-api.iedb.org
connector.iedb.bcell_by_sequence,connector,live_sources,,browser+runner,1g,browser now; data via the gateway,pyodide + same-origin gateway,yes,no,no,no,,yes: phone CPU (Pyodide ~11 MB once),unavailable offline or when the source is down; the runner,"request templates reviewed; edge validates hosts, methods, sizes",query-api.iedb.org
connector.iedb.bcr_by_cdr3,connector,live_sources,,browser+runner,1g,browser now; data via the gateway,pyodide + same-origin gateway,yes,no,no,no,,yes: phone CPU (Pyodide ~11 MB once),unavailable offline or when the source is down; the runner,"request templates reviewed; edge validates hosts, methods, sizes",query-api.iedb.org
connector.iedb.epitope,connector,live_sources,,browser+runner,1g,browser now; data via the gateway,pyodide + same-origin gateway,yes,no,no,no,,yes: phone CPU (Pyodide ~11 MB once),unavailable offline or when the source is down; the runner,"request templates reviewed; edge validates hosts, methods, sizes",query-api.iedb.org
connector.iedb.epitope_summary,connector,live_sources,,browser+runner,1g,browser now; data via the gateway,pyodide + same-origin gateway,yes,no,no,no,,yes: phone CPU (Pyodide ~11 MB once),unavailable offline or when the source is down; the runner,"request templates reviewed; edge validates hosts, methods, sizes",query-api.iedb.org
connector.iedb.epitopes_by_organism,connector,live_sources,,browser+runner,1g,browser now; data via the gateway,pyodide + same-origin gateway,yes,no,no,no,,yes: phone CPU (Pyodide ~11 MB once),unavailable offline or when the source is down; the runner,"request templates reviewed; edge validates hosts, methods, sizes",query-api.iedb.org
connector.iedb.epitopes_by_sequence,connector,live_sources,,browser+runner,1g,browser now; data via the gateway,pyodide + same-origin gateway,yes,no,no,no,,yes: phone CPU (Pyodide ~11 MB once),unavailable offline or when the source is down; the runner,"request templates reviewed; edge validates hosts, methods, sizes",query-api.iedb.org
connector.iedb.mhc_by_sequence,connector,live_sources,,browser+runner,1g,browser now; data via the gateway,pyodide + same-origin gateway,yes,no,no,no,,yes: phone CPU (Pyodide ~11 MB once),unavailable offline or when the source is down; the runner,"request templates reviewed; edge validates hosts, methods, sizes",query-api.iedb.org
connector.iedb.reference_by_pmid,connector,live_sources,,browser+runner,1g,browser now; data via the gateway,pyodide + same-origin gateway,yes,no,no,no,,yes: phone CPU (Pyodide ~11 MB once),unavailable offline or when the source is down; the runner,"request templates reviewed; edge validates hosts, methods, sizes",query-api.iedb.org
connector.iedb.tcell_assays,connector,live_sources,,browser+runner,1g,browser now; data via the gateway,pyodide + same-origin gateway,yes,no,no,no,,yes: phone CPU (Pyodide ~11 MB once),unavailable offline or when the source is down; the runner,"request templates reviewed; edge validates hosts, methods, sizes",query-api.iedb.org
connector.iedb.tcell_by_antigen,connector,live_sources,,browser+runner,1g,browser now; data via the gateway,pyodide + same-origin gateway,yes,no,no,no,,yes: phone CPU (Pyodide ~11 MB once),unavailable offline or when the source is down; the runner,"request templates reviewed; edge validates hosts, methods, sizes",query-api.iedb.org
connector.iedb.tcell_by_molecule,connector,live_sources,,browser+runner,1g,browser now; data via the gateway,pyodide + same-origin gateway,yes,no,no,no,,yes: phone CPU (Pyodide ~11 MB once),unavailable offline or when the source is down; the runner,"request templates reviewed; edge validates hosts, methods, sizes",query-api.iedb.org
connector.iedb.tcr_by_epitope,connector,live_sources,,browser+runner,1g,browser now; data via the gateway,pyodide + same-origin gateway,yes,no,no,no,,yes: phone CPU (Pyodide ~11 MB once),unavailable offline or when the source is down; the runner,"request templates reviewed; edge validates hosts, methods, sizes",query-api.iedb.org
connector.impc.disease_models,connector,live_sources,,browser+runner,1g,browser now; data via the gateway,pyodide + same-origin gateway,yes,no,no,no,,yes: phone CPU (Pyodide ~11 MB once),unavailable offline or when the source is down; the runner,"request templates reviewed; edge validates hosts, methods, sizes",www.ebi.ac.uk
connector.impc.gene,connector,live_sources,,browser+runner,1g,browser now; data via the gateway,pyodide + same-origin gateway,yes,no,no,no,,yes: phone CPU (Pyodide ~11 MB once),unavailable offline or when the source is down; the runner,"request templates reviewed; edge validates hosts, methods, sizes",www.ebi.ac.uk
connector.impc.genes_with_phenotype,connector,live_sources,,browser+runner,1g,browser now; data via the gateway,pyodide + same-origin gateway,yes,no,no,no,,yes: phone CPU (Pyodide ~11 MB once),unavailable offline or when the source is down; the runner,"request templates reviewed; edge validates hosts, methods, sizes",www.ebi.ac.uk
connector.impc.phenotype_calls,connector,live_sources,,browser+runner,1g,browser now; data via the gateway,pyodide + same-origin gateway,yes,no,no,no,,yes: phone CPU (Pyodide ~11 MB once),unavailable offline or when the source is down; the runner,"request templates reviewed; edge validates hosts, methods, sizes",www.ebi.ac.uk
connector.impc.statistical_results,connector,live_sources,,browser+runner,1g,browser now; data via the gateway,pyodide + same-origin gateway,yes,no,no,no,,yes: phone CPU (Pyodide ~11 MB once),unavailable offline or when the source is down; the runner,"request templates reviewed; edge validates hosts, methods, sizes",www.ebi.ac.uk
connector.intact.complex,connector,live_sources,,browser+runner,1g,browser now; data via the gateway,pyodide + same-origin gateway,yes,no,no,no,,yes: phone CPU (Pyodide ~11 MB once),unavailable offline or when the source is down; the runner,"request templates reviewed; edge validates hosts, methods, sizes",www.ebi.ac.uk
connector.intact.complex_search,connector,live_sources,,browser+runner,1g,browser now; data via the gateway,pyodide + same-origin gateway,yes,no,no,no,,yes: phone CPU (Pyodide ~11 MB once),unavailable offline or when the source is down; the runner,"request templates reviewed; edge validates hosts, methods, sizes",www.ebi.ac.uk
connector.intact.interactions,connector,live_sources,,browser+runner,1g,browser now; data via the gateway,pyodide + same-origin gateway,yes,no,no,no,,yes: phone CPU (Pyodide ~11 MB once),unavailable offline or when the source is down; the runner,"request templates reviewed; edge validates hosts, methods, sizes",www.ebi.ac.uk
connector.intact.psicquic_count,connector,live_sources,,browser+runner,1g,browser now; data via the gateway,pyodide + same-origin gateway,yes,no,no,no,,yes: phone CPU (Pyodide ~11 MB once),unavailable offline or when the source is down; the runner,"request templates reviewed; edge validates hosts, methods, sizes",www.ebi.ac.uk
connector.intact.psicquic_query,connector,live_sources,,browser+runner,1g,browser now; data via the gateway,pyodide + same-origin gateway,yes,no,no,no,,yes: phone CPU (Pyodide ~11 MB once),unavailable offline or when the source is down; the runner,"request templates reviewed; edge validates hosts, methods, sizes",www.ebi.ac.uk
connector.interpro.entry,connector,live_sources,,browser+runner,1g,browser now; data via the gateway,pyodide + same-origin gateway,yes,no,no,no,,yes: phone CPU (Pyodide ~11 MB once),unavailable offline or when the source is down; the runner,"request templates reviewed; edge validates hosts, methods, sizes",www.ebi.ac.uk
connector.interpro.protein,connector,live_sources,,browser+runner,1g,browser now; data via the gateway,pyodide + same-origin gateway,yes,no,no,no,,yes: phone CPU (Pyodide ~11 MB once),unavailable offline or when the source is down; the runner,"request templates reviewed; edge validates hosts, methods, sizes",www.ebi.ac.uk
connector.interpro.protein_entries,connector,live_sources,,browser+runner,1g,browser now; data via the gateway,pyodide + same-origin gateway,yes,no,no,no,,yes: phone CPU (Pyodide ~11 MB once),unavailable offline or when the source is down; the runner,"request templates reviewed; edge validates hosts, methods, sizes",www.ebi.ac.uk
connector.ireceptor_adc.info,connector,live_sources,,browser+runner,1g,browser now; data via the gateway,pyodide + same-origin gateway,yes,no,no,no,,yes: phone CPU (Pyodide ~11 MB once),unavailable offline or when the source is down; the runner,"request templates reviewed; edge validates hosts, methods, sizes",covid19-1.ireceptor.org
connector.ireceptor_adc.rearrangement_count,connector,live_sources,,browser+runner,1g,browser now; data via the gateway,pyodide + same-origin gateway,yes,no,no,no,,yes: phone CPU (Pyodide ~11 MB once),unavailable offline or when the source is down; the runner,"request templates reviewed; edge validates hosts, methods, sizes",covid19-1.ireceptor.org
connector.ireceptor_adc.rearrangements,connector,live_sources,,browser+runner,1g,browser now; data via the gateway,pyodide + same-origin gateway,yes,no,no,no,,yes: phone CPU (Pyodide ~11 MB once),unavailable offline or when the source is down; the runner,"request templates reviewed; edge validates hosts, methods, sizes",covid19-1.ireceptor.org
connector.ireceptor_adc.rearrangements_by_junction,connector,live_sources,,browser+runner,1g,browser now; data via the gateway,pyodide + same-origin gateway,yes,no,no,no,,yes: phone CPU (Pyodide ~11 MB once),unavailable offline or when the source is down; the runner,"request templates reviewed; edge validates hosts, methods, sizes",covid19-1.ireceptor.org
connector.ireceptor_adc.repertoires,connector,live_sources,,browser+runner,1g,browser now; data via the gateway,pyodide + same-origin gateway,yes,no,no,no,,yes: phone CPU (Pyodide ~11 MB once),unavailable offline or when the source is down; the runner,"request templates reviewed; edge validates hosts, methods, sizes",covid19-1.ireceptor.org
connector.ireceptor_adc.repertoires_by_study,connector,live_sources,,browser+runner,1g,browser now; data via the gateway,pyodide + same-origin gateway,yes,no,no,no,,yes: phone CPU (Pyodide ~11 MB once),unavailable offline or when the source is down; the runner,"request templates reviewed; edge validates hosts, methods, sizes",covid19-1.ireceptor.org
connector.ireceptor_adc.studies_by_diagnosis,connector,live_sources,,browser+runner,1g,browser now; data via the gateway,pyodide + same-origin gateway,yes,no,no,no,,yes: phone CPU (Pyodide ~11 MB once),unavailable offline or when the source is down; the runner,"request templates reviewed; edge validates hosts, methods, sizes",covid19-1.ireceptor.org
connector.ireceptor_adc.study_counts,connector,live_sources,,browser+runner,1g,browser now; data via the gateway,pyodide + same-origin gateway,yes,no,no,no,,yes: phone CPU (Pyodide ~11 MB once),unavailable offline or when the source is down; the runner,"request templates reviewed; edge validates hosts, methods, sizes",covid19-1.ireceptor.org
connector.itcm.herb,connector,tcm_data,,browser+runner,1g,browser now; data via the gateway,pyodide + same-origin gateway,yes,no,no,no,,yes: phone CPU (Pyodide ~11 MB once),unavailable offline or when the source is down; the runner,"request templates reviewed; edge validates hosts, methods, sizes",itcm.biotcm.net
connector.itcm.herb_diseases,connector,tcm_data,,browser+runner,1g,browser now; data via the gateway,pyodide + same-origin gateway,yes,no,no,no,,yes: phone CPU (Pyodide ~11 MB once),unavailable offline or when the source is down; the runner,"request templates reviewed; edge validates hosts, methods, sizes",itcm.biotcm.net
connector.itcm.herb_formulas,connector,tcm_data,,browser+runner,1g,browser now; data via the gateway,pyodide + same-origin gateway,yes,no,no,no,,yes: phone CPU (Pyodide ~11 MB once),unavailable offline or when the source is down; the runner,"request templates reviewed; edge validates hosts, methods, sizes",itcm.biotcm.net
connector.itcm.herb_ingredients,connector,tcm_data,,browser+runner,1g,browser now; data via the gateway,pyodide + same-origin gateway,yes,no,no,no,,yes: phone CPU (Pyodide ~11 MB once),unavailable offline or when the source is down; the runner,"request templates reviewed; edge validates hosts, methods, sizes",itcm.biotcm.net
connector.itcm.ingredient_targets,connector,tcm_data,,browser+runner,1g,browser now; data via the gateway,pyodide + same-origin gateway,yes,no,no,no,,yes: phone CPU (Pyodide ~11 MB once),unavailable offline or when the source is down; the runner,"request templates reviewed; edge validates hosts, methods, sizes",itcm.biotcm.net
connector.jaspar.factor_matrices,connector,live_sources,,browser+runner,1g,browser now; data via the gateway,pyodide + same-origin gateway,yes,no,no,no,,yes: phone CPU (Pyodide ~11 MB once),unavailable offline or when the source is down; the runner,"request templates reviewed; edge validates hosts, methods, sizes",jaspar.elixir.no
connector.jaspar.matrix,connector,live_sources,,browser+runner,1g,browser now; data via the gateway,pyodide + same-origin gateway,yes,no,no,no,,yes: phone CPU (Pyodide ~11 MB once),unavailable offline or when the source is down; the runner,"request templates reviewed; edge validates hosts, methods, sizes",jaspar.elixir.no
connector.jaspar.releases,connector,live_sources,,browser+runner,1g,browser now; data via the gateway,pyodide + same-origin gateway,yes,no,no,no,,yes: phone CPU (Pyodide ~11 MB once),unavailable offline or when the source is down; the runner,"request templates reviewed; edge validates hosts, methods, sizes",jaspar.elixir.no
connector.jaspar.search,connector,live_sources,,browser+runner,1g,browser now; data via the gateway,pyodide + same-origin gateway,yes,no,no,no,,yes: phone CPU (Pyodide ~11 MB once),unavailable offline or when the source is down; the runner,"request templates reviewed; edge validates hosts, methods, sizes",jaspar.elixir.no
connector.jaspar.versions,connector,live_sources,,browser+runner,1g,browser now; data via the gateway,pyodide + same-origin gateway,yes,no,no,no,,yes: phone CPU (Pyodide ~11 MB once),unavailable offline or when the source is down; the runner,"request templates reviewed; edge validates hosts, methods, sizes",jaspar.elixir.no
connector.kegg.find,connector,live_sources,,browser+runner,1g,browser now; data via the gateway,pyodide + same-origin gateway,yes,no,no,no,,yes: phone CPU (Pyodide ~11 MB once),unavailable offline or when the source is down; the runner,"request templates reviewed; edge validates hosts, methods, sizes",rest.kegg.jp
connector.kegg.get,connector,live_sources,,browser+runner,1g,browser now; data via the gateway,pyodide + same-origin gateway,yes,no,no,no,,yes: phone CPU (Pyodide ~11 MB once),unavailable offline or when the source is down; the runner,"request templates reviewed; edge validates hosts, methods, sizes",rest.kegg.jp
connector.kegg.info,connector,live_sources,,browser+runner,1g,browser now; data via the gateway,pyodide + same-origin gateway,yes,no,no,no,,yes: phone CPU (Pyodide ~11 MB once),unavailable offline or when the source is down; the runner,"request templates reviewed; edge validates hosts, methods, sizes",rest.kegg.jp
connector.kegg.link,connector,live_sources,,browser+runner,1g,browser now; data via the gateway,pyodide + same-origin gateway,yes,no,no,no,,yes: phone CPU (Pyodide ~11 MB once),unavailable offline or when the source is down; the runner,"request templates reviewed; edge validates hosts, methods, sizes",rest.kegg.jp
connector.klifs.drugs,connector,live_sources,,browser+runner,1g,browser now; data via the gateway,pyodide + same-origin gateway,yes,no,no,no,,yes: phone CPU (Pyodide ~11 MB once),unavailable offline or when the source is down; the runner,"request templates reviewed; edge validates hosts, methods, sizes",klifs.net
connector.klifs.interaction_fingerprint,connector,live_sources,,browser+runner,1g,browser now; data via the gateway,pyodide + same-origin gateway,yes,no,no,no,,yes: phone CPU (Pyodide ~11 MB once),unavailable offline or when the source is down; the runner,"request templates reviewed; edge validates hosts, methods, sizes",klifs.net
connector.klifs.kinase_id,connector,live_sources,,browser+runner,1g,browser now; data via the gateway,pyodide + same-origin gateway,yes,no,no,no,,yes: phone CPU (Pyodide ~11 MB once),unavailable offline or when the source is down; the runner,"request templates reviewed; edge validates hosts, methods, sizes",klifs.net
connector.klifs.kinase_names,connector,live_sources,,browser+runner,1g,browser now; data via the gateway,pyodide + same-origin gateway,yes,no,no,no,,yes: phone CPU (Pyodide ~11 MB once),unavailable offline or when the source is down; the runner,"request templates reviewed; edge validates hosts, methods, sizes",klifs.net
connector.klifs.ligand_bioactivities,connector,live_sources,,browser+runner,1g,browser now; data via the gateway,pyodide + same-origin gateway,yes,no,no,no,,yes: phone CPU (Pyodide ~11 MB once),unavailable offline or when the source is down; the runner,"request templates reviewed; edge validates hosts, methods, sizes",klifs.net
connector.klifs.ligands,connector,live_sources,,browser+runner,1g,browser now; data via the gateway,pyodide + same-origin gateway,yes,no,no,no,,yes: phone CPU (Pyodide ~11 MB once),unavailable offline or when the source is down; the runner,"request templates reviewed; edge validates hosts, methods, sizes",klifs.net
connector.klifs.structures,connector,live_sources,,browser+runner,1g,browser now; data via the gateway,pyodide + same-origin gateway,yes,no,no,no,,yes: phone CPU (Pyodide ~11 MB once),unavailable offline or when the source is down; the runner,"request templates reviewed; edge validates hosts, methods, sizes",klifs.net
connector.knapsack.metabolite,connector,live_sources,,browser+runner,1g,browser now; data via the gateway,pyodide + same-origin gateway,yes,no,no,no,,yes: phone CPU (Pyodide ~11 MB once),unavailable offline or when the source is down; the runner,"request templates reviewed; edge validates hosts, methods, sizes",www.knapsackfamily.com
connector.knapsack.metabolite_search,connector,live_sources,,browser+runner,1g,browser now; data via the gateway,pyodide + same-origin gateway,yes,no,no,no,,yes: phone CPU (Pyodide ~11 MB once),unavailable offline or when the source is down; the runner,"request templates reviewed; edge validates hosts, methods, sizes",www.knapsackfamily.com
connector.knapsack.organism_metabolites,connector,live_sources,,browser+runner,1g,browser now; data via the gateway,pyodide + same-origin gateway,yes,no,no,no,,yes: phone CPU (Pyodide ~11 MB once),unavailable offline or when the source is down; the runner,"request templates reviewed; edge validates hosts, methods, sizes",www.knapsackfamily.com
connector.knapsack.pair_reference,connector,live_sources,,browser+runner,1g,browser now; data via the gateway,pyodide + same-origin gateway,yes,no,no,no,,yes: phone CPU (Pyodide ~11 MB once),unavailable offline or when the source is down; the runner,"request templates reviewed; edge validates hosts, methods, sizes",www.knapsackfamily.com
connector.massbank.browse_options,connector,live_sources,,browser+runner,1g,browser now; data via the gateway,pyodide + same-origin gateway,yes,no,no,no,,yes: phone CPU (Pyodide ~11 MB once),unavailable offline or when the source is down; the runner,"request templates reviewed; edge validates hosts, methods, sizes",massbank.eu
connector.massbank.convert,connector,live_sources,,browser+runner,1g,browser now; data via the gateway,pyodide + same-origin gateway,yes,no,no,no,,yes: phone CPU (Pyodide ~11 MB once),unavailable offline or when the source is down; the runner,"request templates reviewed; edge validates hosts, methods, sizes",massbank.eu
connector.massbank.count,connector,live_sources,,browser+runner,1g,browser now; data via the gateway,pyodide + same-origin gateway,yes,no,no,no,,yes: phone CPU (Pyodide ~11 MB once),unavailable offline or when the source is down; the runner,"request templates reviewed; edge validates hosts, methods, sizes",massbank.eu
connector.massbank.metadata,connector,live_sources,,browser+runner,1g,browser now; data via the gateway,pyodide + same-origin gateway,yes,no,no,no,,yes: phone CPU (Pyodide ~11 MB once),unavailable offline or when the source is down; the runner,"request templates reviewed; edge validates hosts, methods, sizes",massbank.eu
connector.massbank.peak_search,connector,live_sources,,browser+runner,1g,browser now; data via the gateway,pyodide + same-origin gateway,yes,no,no,no,,yes: phone CPU (Pyodide ~11 MB once),unavailable offline or when the source is down; the runner,"request templates reviewed; edge validates hosts, methods, sizes",massbank.eu
connector.massbank.record,connector,live_sources,,browser+runner,1g,browser now; data via the gateway,pyodide + same-origin gateway,yes,no,no,no,,yes: phone CPU (Pyodide ~11 MB once),unavailable offline or when the source is down; the runner,"request templates reviewed; edge validates hosts, methods, sizes",massbank.eu
connector.massbank.record_jsonld,connector,live_sources,,browser+runner,1g,browser now; data via the gateway,pyodide + same-origin gateway,yes,no,no,no,,yes: phone CPU (Pyodide ~11 MB once),unavailable offline or when the source is down; the runner,"request templates reviewed; edge validates hosts, methods, sizes",massbank.eu
connector.massbank.record_simple,connector,live_sources,,browser+runner,1g,browser now; data via the gateway,pyodide + same-origin gateway,yes,no,no,no,,yes: phone CPU (Pyodide ~11 MB once),unavailable offline or when the source is down; the runner,"request templates reviewed; edge validates hosts, methods, sizes",massbank.eu
connector.massbank.record_text,connector,live_sources,,browser+runner,1g,browser now; data via the gateway,pyodide + same-origin gateway,yes,no,no,no,,yes: phone CPU (Pyodide ~11 MB once),unavailable offline or when the source is down; the runner,"request templates reviewed; edge validates hosts, methods, sizes",massbank.eu
connector.massbank.records,connector,live_sources,,browser+runner,1g,browser now; data via the gateway,pyodide + same-origin gateway,yes,no,no,no,,yes: phone CPU (Pyodide ~11 MB once),unavailable offline or when the source is down; the runner,"request templates reviewed; edge validates hosts, methods, sizes",massbank.eu
connector.massbank.records_search,connector,live_sources,,browser+runner,1g,browser now; data via the gateway,pyodide + same-origin gateway,yes,no,no,no,,yes: phone CPU (Pyodide ~11 MB once),unavailable offline or when the source is down; the runner,"request templates reviewed; edge validates hosts, methods, sizes",massbank.eu
connector.massbank.records_search_name,connector,live_sources,,browser+runner,1g,browser now; data via the gateway,pyodide + same-origin gateway,yes,no,no,no,,yes: phone CPU (Pyodide ~11 MB once),unavailable offline or when the source is down; the runner,"request templates reviewed; edge validates hosts, methods, sizes",massbank.eu
connector.massbank.status,connector,live_sources,,browser+runner,1g,browser now; data via the gateway,pyodide + same-origin gateway,yes,no,no,no,,yes: phone CPU (Pyodide ~11 MB once),unavailable offline or when the source is down; the runner,"request templates reviewed; edge validates hosts, methods, sizes",massbank.eu
connector.massive.dataset,connector,live_sources,,browser+runner,1g,browser now; data via the gateway,pyodide + same-origin gateway,yes,no,no,no,,yes: phone CPU (Pyodide ~11 MB once),unavailable offline or when the source is down; the runner,"request templates reviewed; edge validates hosts, methods, sizes",massive.ucsd.edu
connector.massive.dataset_search,connector,live_sources,,browser+runner,1g,browser now; data via the gateway,pyodide + same-origin gateway,yes,no,no,no,,yes: phone CPU (Pyodide ~11 MB once),unavailable offline or when the source is down; the runner,"request templates reviewed; edge validates hosts, methods, sizes",massive.ucsd.edu
connector.mavedb.gene_score_sets,connector,live_sources,,browser+runner,1g,browser now; data via the gateway,pyodide + same-origin gateway,yes,no,no,no,,yes: phone CPU (Pyodide ~11 MB once),unavailable offline or when the source is down; the runner,"request templates reviewed; edge validates hosts, methods, sizes",api.mavedb.org
connector.mavedb.licenses,connector,live_sources,,browser+runner,1g,browser now; data via the gateway,pyodide + same-origin gateway,yes,no,no,no,,yes: phone CPU (Pyodide ~11 MB once),unavailable offline or when the source is down; the runner,"request templates reviewed; edge validates hosts, methods, sizes",api.mavedb.org
connector.mavedb.score_set,connector,live_sources,,browser+runner,1g,browser now; data via the gateway,pyodide + same-origin gateway,yes,no,no,no,,yes: phone CPU (Pyodide ~11 MB once),unavailable offline or when the source is down; the runner,"request templates reviewed; edge validates hosts, methods, sizes",api.mavedb.org
connector.mavedb.score_sets_by_target,connector,live_sources,,browser+runner,1g,browser now; data via the gateway,pyodide + same-origin gateway,yes,no,no,no,,yes: phone CPU (Pyodide ~11 MB once),unavailable offline or when the source is down; the runner,"request templates reviewed; edge validates hosts, methods, sizes",api.mavedb.org
connector.mavedb.scores,connector,live_sources,,browser+runner,1g,browser now; data via the gateway,pyodide + same-origin gateway,yes,no,no,no,,yes: phone CPU (Pyodide ~11 MB once),unavailable offline or when the source is down; the runner,"request templates reviewed; edge validates hosts, methods, sizes",api.mavedb.org
connector.mavedb.search_score_sets,connector,live_sources,,browser+runner,1g,browser now; data via the gateway,pyodide + same-origin gateway,yes,no,no,no,,yes: phone CPU (Pyodide ~11 MB once),unavailable offline or when the source is down; the runner,"request templates reviewed; edge validates hosts, methods, sizes",api.mavedb.org
connector.mesh.descriptor,connector,live_sources,,browser+runner,1g,browser now; data via the gateway,pyodide + same-origin gateway,yes,no,no,no,,yes: phone CPU (Pyodide ~11 MB once),unavailable offline or when the source is down; the runner,"request templates reviewed; edge validates hosts, methods, sizes",id.nlm.nih.gov
connector.mesh.details,connector,live_sources,,browser+runner,1g,browser now; data via the gateway,pyodide + same-origin gateway,yes,no,no,no,,yes: phone CPU (Pyodide ~11 MB once),unavailable offline or when the source is down; the runner,"request templates reviewed; edge validates hosts, methods, sizes",id.nlm.nih.gov
connector.mesh.term,connector,live_sources,,browser+runner,1g,browser now; data via the gateway,pyodide + same-origin gateway,yes,no,no,no,,yes: phone CPU (Pyodide ~11 MB once),unavailable offline or when the source is down; the runner,"request templates reviewed; edge validates hosts, methods, sizes",id.nlm.nih.gov
connector.metabolights.studies,connector,live_sources,,browser+runner,1g,browser now; data via the gateway,pyodide + same-origin gateway,yes,no,no,no,,yes: phone CPU (Pyodide ~11 MB once),unavailable offline or when the source is down; the runner,"request templates reviewed; edge validates hosts, methods, sizes",www.ebi.ac.uk
connector.metabolights.study,connector,live_sources,,browser+runner,1g,browser now; data via the gateway,pyodide + same-origin gateway,yes,no,no,no,,yes: phone CPU (Pyodide ~11 MB once),unavailable offline or when the source is down; the runner,"request templates reviewed; edge validates hosts, methods, sizes",www.ebi.ac.uk
connector.metabolomics_workbench.compound_by_inchikey,connector,live_sources,,browser+runner,1g,browser now; data via the gateway,pyodide + same-origin gateway,yes,no,no,no,,yes: phone CPU (Pyodide ~11 MB once),unavailable offline or when the source is down; the runner,"request templates reviewed; edge validates hosts, methods, sizes",www.metabolomicsworkbench.org
connector.metabolomics_workbench.compound_by_pubchem_cid,connector,live_sources,,browser+runner,1g,browser now; data via the gateway,pyodide + same-origin gateway,yes,no,no,no,,yes: phone CPU (Pyodide ~11 MB once),unavailable offline or when the source is down; the runner,"request templates reviewed; edge validates hosts, methods, sizes",www.metabolomicsworkbench.org
connector.metabolomics_workbench.metstat,connector,live_sources,,browser+runner,1g,browser now; data via the gateway,pyodide + same-origin gateway,yes,no,no,no,,yes: phone CPU (Pyodide ~11 MB once),unavailable offline or when the source is down; the runner,"request templates reviewed; edge validates hosts, methods, sizes",www.metabolomicsworkbench.org
connector.metabolomics_workbench.refmet,connector,live_sources,,browser+runner,1g,browser now; data via the gateway,pyodide + same-origin gateway,yes,no,no,no,,yes: phone CPU (Pyodide ~11 MB once),unavailable offline or when the source is down; the runner,"request templates reviewed; edge validates hosts, methods, sizes",www.metabolomicsworkbench.org
connector.metabolomics_workbench.refmet_by_formula,connector,live_sources,,browser+runner,1g,browser now; data via the gateway,pyodide + same-origin gateway,yes,no,no,no,,yes: phone CPU (Pyodide ~11 MB once),unavailable offline or when the source is down; the runner,"request templates reviewed; edge validates hosts, methods, sizes",www.metabolomicsworkbench.org
connector.metabolomics_workbench.refmet_match,connector,live_sources,,browser+runner,1g,browser now; data via the gateway,pyodide + same-origin gateway,yes,no,no,no,,yes: phone CPU (Pyodide ~11 MB once),unavailable offline or when the source is down; the runner,"request templates reviewed; edge validates hosts, methods, sizes",www.metabolomicsworkbench.org
connector.metabolomics_workbench.studies_by_refmet_name,connector,live_sources,,browser+runner,1g,browser now; data via the gateway,pyodide + same-origin gateway,yes,no,no,no,,yes: phone CPU (Pyodide ~11 MB once),unavailable offline or when the source is down; the runner,"request templates reviewed; edge validates hosts, methods, sizes",www.metabolomicsworkbench.org
connector.metabolomics_workbench.study_analyses,connector,live_sources,,browser+runner,1g,browser now; data via the gateway,pyodide + same-origin gateway,yes,no,no,no,,yes: phone CPU (Pyodide ~11 MB once),unavailable offline or when the source is down; the runner,"request templates reviewed; edge validates hosts, methods, sizes",www.metabolomicsworkbench.org
connector.metabolomics_workbench.study_metabolites,connector,live_sources,,browser+runner,1g,browser now; data via the gateway,pyodide + same-origin gateway,yes,no,no,no,,yes: phone CPU (Pyodide ~11 MB once),unavailable offline or when the source is down; the runner,"request templates reviewed; edge validates hosts, methods, sizes",www.metabolomicsworkbench.org
connector.metabolomics_workbench.study_summary,connector,live_sources,,browser+runner,1g,browser now; data via the gateway,pyodide + same-origin gateway,yes,no,no,no,,yes: phone CPU (Pyodide ~11 MB once),unavailable offline or when the source is down; the runner,"request templates reviewed; edge validates hosts, methods, sizes",www.metabolomicsworkbench.org
connector.metanetx.chem,connector,live_sources,,browser+runner,1g,browser now; data via the gateway,pyodide + same-origin gateway,yes,no,no,no,,yes: phone CPU (Pyodide ~11 MB once),unavailable offline or when the source is down; the runner,"request templates reviewed; edge validates hosts, methods, sizes",rdf.metanetx.org
connector.metanetx.chem_by_xref,connector,live_sources,,browser+runner,1g,browser now; data via the gateway,pyodide + same-origin gateway,yes,no,no,no,,yes: phone CPU (Pyodide ~11 MB once),unavailable offline or when the source is down; the runner,"request templates reviewed; edge validates hosts, methods, sizes",rdf.metanetx.org
connector.mgnify.analysis,connector,live_sources,,browser+runner,1g,browser now; data via the gateway,pyodide + same-origin gateway,yes,no,no,no,,yes: phone CPU (Pyodide ~11 MB once),unavailable offline or when the source is down; the runner,"request templates reviewed; edge validates hosts, methods, sizes",www.ebi.ac.uk
connector.mgnify.analysis_annotations,connector,live_sources,,browser+runner,1g,browser now; data via the gateway,pyodide + same-origin gateway,yes,no,no,no,,yes: phone CPU (Pyodide ~11 MB once),unavailable offline or when the source is down; the runner,"request templates reviewed; edge validates hosts, methods, sizes",www.ebi.ac.uk
connector.mgnify.biomes,connector,live_sources,,browser+runner,1g,browser now; data via the gateway,pyodide + same-origin gateway,yes,no,no,no,,yes: phone CPU (Pyodide ~11 MB once),unavailable offline or when the source is down; the runner,"request templates reviewed; edge validates hosts, methods, sizes",www.ebi.ac.uk
connector.mgnify.genome,connector,live_sources,,browser+runner,1g,browser now; data via the gateway,pyodide + same-origin gateway,yes,no,no,no,,yes: phone CPU (Pyodide ~11 MB once),unavailable offline or when the source is down; the runner,"request templates reviewed; edge validates hosts, methods, sizes",www.ebi.ac.uk
connector.mgnify.genome_catalogues,connector,live_sources,,browser+runner,1g,browser now; data via the gateway,pyodide + same-origin gateway,yes,no,no,no,,yes: phone CPU (Pyodide ~11 MB once),unavailable offline or when the source is down; the runner,"request templates reviewed; edge validates hosts, methods, sizes",www.ebi.ac.uk
connector.mgnify.genomes,connector,live_sources,,browser+runner,1g,browser now; data via the gateway,pyodide + same-origin gateway,yes,no,no,no,,yes: phone CPU (Pyodide ~11 MB once),unavailable offline or when the source is down; the runner,"request templates reviewed; edge validates hosts, methods, sizes",www.ebi.ac.uk
connector.mgnify.studies,connector,live_sources,,browser+runner,1g,browser now; data via the gateway,pyodide + same-origin gateway,yes,no,no,no,,yes: phone CPU (Pyodide ~11 MB once),unavailable offline or when the source is down; the runner,"request templates reviewed; edge validates hosts, methods, sizes",www.ebi.ac.uk
connector.mgnify.studies_by_biome,connector,live_sources,,browser+runner,1g,browser now; data via the gateway,pyodide + same-origin gateway,yes,no,no,no,,yes: phone CPU (Pyodide ~11 MB once),unavailable offline or when the source is down; the runner,"request templates reviewed; edge validates hosts, methods, sizes",www.ebi.ac.uk
connector.mgnify.study,connector,live_sources,,browser+runner,1g,browser now; data via the gateway,pyodide + same-origin gateway,yes,no,no,no,,yes: phone CPU (Pyodide ~11 MB once),unavailable offline or when the source is down; the runner,"request templates reviewed; edge validates hosts, methods, sizes",www.ebi.ac.uk
connector.mgnify.study_analyses,connector,live_sources,,browser+runner,1g,browser now; data via the gateway,pyodide + same-origin gateway,yes,no,no,no,,yes: phone CPU (Pyodide ~11 MB once),unavailable offline or when the source is down; the runner,"request templates reviewed; edge validates hosts, methods, sizes",www.ebi.ac.uk
connector.mgnify.study_samples,connector,live_sources,,browser+runner,1g,browser now; data via the gateway,pyodide + same-origin gateway,yes,no,no,no,,yes: phone CPU (Pyodide ~11 MB once),unavailable offline or when the source is down; the runner,"request templates reviewed; edge validates hosts, methods, sizes",www.ebi.ac.uk
connector.mibig.entry,connector,live_sources,,browser+runner,1g,browser now; data via the gateway,pyodide + same-origin gateway,yes,no,no,no,,yes: phone CPU (Pyodide ~11 MB once),unavailable offline or when the source is down; the runner,"request templates reviewed; edge validates hosts, methods, sizes",mibig.secondarymetabolites.org
connector.mibig.stats,connector,live_sources,,browser+runner,1g,browser now; data via the gateway,pyodide + same-origin gateway,yes,no,no,no,,yes: phone CPU (Pyodide ~11 MB once),unavailable offline or when the source is down; the runner,"request templates reviewed; edge validates hosts, methods, sizes",mibig.secondarymetabolites.org
connector.monarch.associations,connector,live_sources,,browser+runner,1g,browser now; data via the gateway,pyodide + same-origin gateway,yes,no,no,no,,yes: phone CPU (Pyodide ~11 MB once),unavailable offline or when the source is down; the runner,"request templates reviewed; edge validates hosts, methods, sizes",api.monarchinitiative.org
connector.monarch.entity,connector,live_sources,,browser+runner,1g,browser now; data via the gateway,pyodide + same-origin gateway,yes,no,no,no,,yes: phone CPU (Pyodide ~11 MB once),unavailable offline or when the source is down; the runner,"request templates reviewed; edge validates hosts, methods, sizes",api.monarchinitiative.org
connector.monarch.search,connector,live_sources,,browser+runner,1g,browser now; data via the gateway,pyodide + same-origin gateway,yes,no,no,no,,yes: phone CPU (Pyodide ~11 MB once),unavailable offline or when the source is down; the runner,"request templates reviewed; edge validates hosts, methods, sizes",api.monarchinitiative.org
connector.mygene.gene,connector,live_sources,,browser+runner,1g,browser now; data via the gateway,pyodide + same-origin gateway,yes,no,no,no,,yes: phone CPU (Pyodide ~11 MB once),unavailable offline or when the source is down; the runner,"request templates reviewed; edge validates hosts, methods, sizes",mygene.info
connector.mygene.query,connector,live_sources,,browser+runner,1g,browser now; data via the gateway,pyodide + same-origin gateway,yes,no,no,no,,yes: phone CPU (Pyodide ~11 MB once),unavailable offline or when the source is down; the runner,"request templates reviewed; edge validates hosts, methods, sizes",mygene.info
connector.myvariant.query,connector,live_sources,,browser+runner,1g,browser now; data via the gateway,pyodide + same-origin gateway,yes,no,no,no,,yes: phone CPU (Pyodide ~11 MB once),unavailable offline or when the source is down; the runner,"request templates reviewed; edge validates hosts, methods, sizes",myvariant.info
connector.myvariant.variant,connector,live_sources,,browser+runner,1g,browser now; data via the gateway,pyodide + same-origin gateway,yes,no,no,no,,yes: phone CPU (Pyodide ~11 MB once),unavailable offline or when the source is down; the runner,"request templates reviewed; edge validates hosts, methods, sizes",myvariant.info
connector.ncbi_datasets.gene_by_id,connector,live_sources,,browser+runner,1g,browser now; data via the gateway,pyodide + same-origin gateway,yes,no,no,no,,yes: phone CPU (Pyodide ~11 MB once),unavailable offline or when the source is down; the runner,"request templates reviewed; edge validates hosts, methods, sizes",api.ncbi.nlm.nih.gov
connector.ncbi_datasets.gene_by_symbol,connector,live_sources,,browser+runner,1g,browser now; data via the gateway,pyodide + same-origin gateway,yes,no,no,no,,yes: phone CPU (Pyodide ~11 MB once),unavailable offline or when the source is down; the runner,"request templates reviewed; edge validates hosts, methods, sizes",api.ncbi.nlm.nih.gov
connector.ncbi_datasets.genome_report,connector,live_sources,,browser+runner,1g,browser now; data via the gateway,pyodide + same-origin gateway,yes,no,no,no,,yes: phone CPU (Pyodide ~11 MB once),unavailable offline or when the source is down; the runner,"request templates reviewed; edge validates hosts, methods, sizes",api.ncbi.nlm.nih.gov
connector.ncbi_datasets.taxonomy,connector,live_sources,,browser+runner,1g,browser now; data via the gateway,pyodide + same-origin gateway,yes,no,no,no,,yes: phone CPU (Pyodide ~11 MB once),unavailable offline or when the source is down; the runner,"request templates reviewed; edge validates hosts, methods, sizes",api.ncbi.nlm.nih.gov
connector.ncbi_eutils.efetch,connector,literature,,browser+runner,1g,browser now; data via the gateway,pyodide + same-origin gateway,yes,no,no,no,,yes: phone CPU (Pyodide ~11 MB once),unavailable offline or when the source is down; the runner,"request templates reviewed; edge validates hosts, methods, sizes",eutils.ncbi.nlm.nih.gov
connector.ncbi_eutils.einfo,connector,literature,,browser+runner,1g,browser now; data via the gateway,pyodide + same-origin gateway,yes,no,no,no,,yes: phone CPU (Pyodide ~11 MB once),unavailable offline or when the source is down; the runner,"request templates reviewed; edge validates hosts, methods, sizes",eutils.ncbi.nlm.nih.gov
connector.ncbi_eutils.esearch,connector,literature,,browser+runner,1g,browser now; data via the gateway,pyodide + same-origin gateway,yes,no,no,no,,yes: phone CPU (Pyodide ~11 MB once),unavailable offline or when the source is down; the runner,"request templates reviewed; edge validates hosts, methods, sizes",eutils.ncbi.nlm.nih.gov
connector.ncbi_eutils.esummary,connector,literature,,browser+runner,1g,browser now; data via the gateway,pyodide + same-origin gateway,yes,no,no,no,,yes: phone CPU (Pyodide ~11 MB once),unavailable offline or when the source is down; the runner,"request templates reviewed; edge validates hosts, methods, sizes",eutils.ncbi.nlm.nih.gov
connector.nlm_clinical_tables.conditions,connector,live_sources,,browser+runner,1g,browser now; data via the gateway,pyodide + same-origin gateway,yes,no,no,no,,yes: phone CPU (Pyodide ~11 MB once),unavailable offline or when the source is down; the runner,"request templates reviewed; edge validates hosts, methods, sizes",clinicaltables.nlm.nih.gov
connector.nlm_clinical_tables.hcpcs,connector,live_sources,,browser+runner,1g,browser now; data via the gateway,pyodide + same-origin gateway,yes,no,no,no,,yes: phone CPU (Pyodide ~11 MB once),unavailable offline or when the source is down; the runner,"request templates reviewed; edge validates hosts, methods, sizes",clinicaltables.nlm.nih.gov
connector.nlm_clinical_tables.icd10cm,connector,live_sources,,browser+runner,1g,browser now; data via the gateway,pyodide + same-origin gateway,yes,no,no,no,,yes: phone CPU (Pyodide ~11 MB once),unavailable offline or when the source is down; the runner,"request templates reviewed; edge validates hosts, methods, sizes",clinicaltables.nlm.nih.gov
connector.nlm_clinical_tables.loinc,connector,live_sources,,browser+runner,1g,browser now; data via the gateway,pyodide + same-origin gateway,yes,no,no,no,,yes: phone CPU (Pyodide ~11 MB once),unavailable offline or when the source is down; the runner,"request templates reviewed; edge validates hosts, methods, sizes",clinicaltables.nlm.nih.gov
connector.nlm_clinical_tables.rxterms,connector,live_sources,,browser+runner,1g,browser now; data via the gateway,pyodide + same-origin gateway,yes,no,no,no,,yes: phone CPU (Pyodide ~11 MB once),unavailable offline or when the source is down; the runner,"request templates reviewed; edge validates hosts, methods, sizes",clinicaltables.nlm.nih.gov
connector.ols.ontologies,connector,live_sources,,browser+runner,1g,browser now; data via the gateway,pyodide + same-origin gateway,yes,no,no,no,,yes: phone CPU (Pyodide ~11 MB once),unavailable offline or when the source is down; the runner,"request templates reviewed; edge validates hosts, methods, sizes",www.ebi.ac.uk
connector.ols.search,connector,live_sources,,browser+runner,1g,browser now; data via the gateway,pyodide + same-origin gateway,yes,no,no,no,,yes: phone CPU (Pyodide ~11 MB once),unavailable offline or when the source is down; the runner,"request templates reviewed; edge validates hosts, methods, sizes",www.ebi.ac.uk
connector.ols.term,connector,live_sources,,browser+runner,1g,browser now; data via the gateway,pyodide + same-origin gateway,yes,no,no,no,,yes: phone CPU (Pyodide ~11 MB once),unavailable offline or when the source is down; the runner,"request templates reviewed; edge validates hosts, methods, sizes",www.ebi.ac.uk
connector.omnipath.annotations,connector,live_sources,,browser+runner,1g,browser now; data via the gateway,pyodide + same-origin gateway,yes,no,no,no,,yes: phone CPU (Pyodide ~11 MB once),unavailable offline or when the source is down; the runner,"request templates reviewed; edge validates hosts, methods, sizes",omnipathdb.org
connector.omnipath.interactions,connector,live_sources,,browser+runner,1g,browser now; data via the gateway,pyodide + same-origin gateway,yes,no,no,no,,yes: phone CPU (Pyodide ~11 MB once),unavailable offline or when the source is down; the runner,"request templates reviewed; edge validates hosts, methods, sizes",omnipathdb.org
connector.openalex.work,connector,literature,,browser+runner,1g,browser now; data via the gateway,pyodide + same-origin gateway,yes,no,no,no,,yes: phone CPU (Pyodide ~11 MB once),unavailable offline or when the source is down; the runner,"request templates reviewed; edge validates hosts, methods, sizes",api.openalex.org
connector.openfda.drug_event,connector,live_sources,,browser+runner,1g,browser now; data via the gateway,pyodide + same-origin gateway,yes,no,no,no,,yes: phone CPU (Pyodide ~11 MB once),unavailable offline or when the source is down; the runner,"request templates reviewed; edge validates hosts, methods, sizes",api.fda.gov
connector.openfda.drug_label,connector,live_sources,,browser+runner,1g,browser now; data via the gateway,pyodide + same-origin gateway,yes,no,no,no,,yes: phone CPU (Pyodide ~11 MB once),unavailable offline or when the source is down; the runner,"request templates reviewed; edge validates hosts, methods, sizes",api.fda.gov
connector.openfda.herbal_event_coreported_drugs,connector,live_sources,,browser+runner,1g,browser now; data via the gateway,pyodide + same-origin gateway,yes,no,no,no,,yes: phone CPU (Pyodide ~11 MB once),unavailable offline or when the source is down; the runner,"request templates reviewed; edge validates hosts, methods, sizes",api.fda.gov
connector.openfda.herbal_event_reactions,connector,live_sources,,browser+runner,1g,browser now; data via the gateway,pyodide + same-origin gateway,yes,no,no,no,,yes: phone CPU (Pyodide ~11 MB once),unavailable offline or when the source is down; the runner,"request templates reviewed; edge validates hosts, methods, sizes",api.fda.gov
connector.openneuro.dataset,connector,live_sources,,browser+runner,1g,browser now; data via the gateway,pyodide + same-origin gateway,yes,no,no,no,,yes: phone CPU (Pyodide ~11 MB once),unavailable offline or when the source is down; the runner,"request templates reviewed; edge validates hosts, methods, sizes",openneuro.org
connector.openneuro.datasets,connector,live_sources,,browser+runner,1g,browser now; data via the gateway,pyodide + same-origin gateway,yes,no,no,no,,yes: phone CPU (Pyodide ~11 MB once),unavailable offline or when the source is down; the runner,"request templates reviewed; edge validates hosts, methods, sizes",openneuro.org
connector.openneuro.snapshot_files,connector,live_sources,,browser+runner,1g,browser now; data via the gateway,pyodide + same-origin gateway,yes,no,no,no,,yes: phone CPU (Pyodide ~11 MB once),unavailable offline or when the source is down; the runner,"request templates reviewed; edge validates hosts, methods, sizes",openneuro.org
connector.opentargets.associated_diseases,connector,live_sources,,browser+runner,1g,browser now; data via the gateway,pyodide + same-origin gateway,yes,no,no,no,,yes: phone CPU (Pyodide ~11 MB once),unavailable offline or when the source is down; the runner,"request templates reviewed; edge validates hosts, methods, sizes",api.platform.opentargets.org
connector.opentargets.target,connector,live_sources,,browser+runner,1g,browser now; data via the gateway,pyodide + same-origin gateway,yes,no,no,no,,yes: phone CPU (Pyodide ~11 MB once),unavailable offline or when the source is down; the runner,"request templates reviewed; edge validates hosts, methods, sizes",api.platform.opentargets.org
connector.orphadata.by_hpo,connector,live_sources,,browser+runner,1g,browser now; data via the gateway,pyodide + same-origin gateway,yes,no,no,no,,yes: phone CPU (Pyodide ~11 MB once),unavailable offline or when the source is down; the runner,"request templates reviewed; edge validates hosts, methods, sizes",api.orphadata.com
connector.orphadata.by_name,connector,live_sources,,browser+runner,1g,browser now; data via the gateway,pyodide + same-origin gateway,yes,no,no,no,,yes: phone CPU (Pyodide ~11 MB once),unavailable offline or when the source is down; the runner,"request templates reviewed; edge validates hosts, methods, sizes",api.orphadata.com
connector.orphadata.by_omim,connector,live_sources,,browser+runner,1g,browser now; data via the gateway,pyodide + same-origin gateway,yes,no,no,no,,yes: phone CPU (Pyodide ~11 MB once),unavailable offline or when the source is down; the runner,"request templates reviewed; edge validates hosts, methods, sizes",api.orphadata.com
connector.orphadata.classifications,connector,live_sources,,browser+runner,1g,browser now; data via the gateway,pyodide + same-origin gateway,yes,no,no,no,,yes: phone CPU (Pyodide ~11 MB once),unavailable offline or when the source is down; the runner,"request templates reviewed; edge validates hosts, methods, sizes",api.orphadata.com
connector.orphadata.cross_references,connector,live_sources,,browser+runner,1g,browser now; data via the gateway,pyodide + same-origin gateway,yes,no,no,no,,yes: phone CPU (Pyodide ~11 MB once),unavailable offline or when the source is down; the runner,"request templates reviewed; edge validates hosts, methods, sizes",api.orphadata.com
connector.orphadata.epidemiology,connector,live_sources,,browser+runner,1g,browser now; data via the gateway,pyodide + same-origin gateway,yes,no,no,no,,yes: phone CPU (Pyodide ~11 MB once),unavailable offline or when the source is down; the runner,"request templates reviewed; edge validates hosts, methods, sizes",api.orphadata.com
connector.orphadata.genes,connector,live_sources,,browser+runner,1g,browser now; data via the gateway,pyodide + same-origin gateway,yes,no,no,no,,yes: phone CPU (Pyodide ~11 MB once),unavailable offline or when the source is down; the runner,"request templates reviewed; edge validates hosts, methods, sizes",api.orphadata.com
connector.orphadata.natural_history,connector,live_sources,,browser+runner,1g,browser now; data via the gateway,pyodide + same-origin gateway,yes,no,no,no,,yes: phone CPU (Pyodide ~11 MB once),unavailable offline or when the source is down; the runner,"request templates reviewed; edge validates hosts, methods, sizes",api.orphadata.com
connector.orphadata.phenotypes,connector,live_sources,,browser+runner,1g,browser now; data via the gateway,pyodide + same-origin gateway,yes,no,no,no,,yes: phone CPU (Pyodide ~11 MB once),unavailable offline or when the source is down; the runner,"request templates reviewed; edge validates hosts, methods, sizes",api.orphadata.com
connector.panther.enrich,connector,live_sources,,browser+runner,1g,browser now; data via the gateway,pyodide + same-origin gateway,yes,no,no,no,,yes: phone CPU (Pyodide ~11 MB once),unavailable offline or when the source is down; the runner,"request templates reviewed; edge validates hosts, methods, sizes",pantherdb.org
connector.panther.geneinfo,connector,live_sources,,browser+runner,1g,browser now; data via the gateway,pyodide + same-origin gateway,yes,no,no,no,,yes: phone CPU (Pyodide ~11 MB once),unavailable offline or when the source is down; the runner,"request templates reviewed; edge validates hosts, methods, sizes",pantherdb.org
connector.pdbe.best_structures,connector,live_sources,,browser+runner,1g,browser now; data via the gateway,pyodide + same-origin gateway,yes,no,no,no,,yes: phone CPU (Pyodide ~11 MB once),unavailable offline or when the source is down; the runner,"request templates reviewed; edge validates hosts, methods, sizes",www.ebi.ac.uk
connector.pdbe.entry_summary,connector,live_sources,,browser+runner,1g,browser now; data via the gateway,pyodide + same-origin gateway,yes,no,no,no,,yes: phone CPU (Pyodide ~11 MB once),unavailable offline or when the source is down; the runner,"request templates reviewed; edge validates hosts, methods, sizes",www.ebi.ac.uk
connector.pdbe.molecules,connector,live_sources,,browser+runner,1g,browser now; data via the gateway,pyodide + same-origin gateway,yes,no,no,no,,yes: phone CPU (Pyodide ~11 MB once),unavailable offline or when the source is down; the runner,"request templates reviewed; edge validates hosts, methods, sizes",www.ebi.ac.uk
connector.pdbe.uniprot_mapping,connector,live_sources,,browser+runner,1g,browser now; data via the gateway,pyodide + same-origin gateway,yes,no,no,no,,yes: phone CPU (Pyodide ~11 MB once),unavailable offline or when the source is down; the runner,"request templates reviewed; edge validates hosts, methods, sizes",www.ebi.ac.uk
connector.pharmacodb.biomarkers,connector,live_sources,,browser+runner,1g,browser now; data via the gateway,pyodide + same-origin gateway,yes,no,no,no,,yes: phone CPU (Pyodide ~11 MB once),unavailable offline or when the source is down; the runner,"request templates reviewed; edge validates hosts, methods, sizes",pharmacodb.ca
connector.pharmacodb.cell_line,connector,live_sources,,browser+runner,1g,browser now; data via the gateway,pyodide + same-origin gateway,yes,no,no,no,,yes: phone CPU (Pyodide ~11 MB once),unavailable offline or when the source is down; the runner,"request templates reviewed; edge validates hosts, methods, sizes",pharmacodb.ca
connector.pharmacodb.compound,connector,live_sources,,browser+runner,1g,browser now; data via the gateway,pyodide + same-origin gateway,yes,no,no,no,,yes: phone CPU (Pyodide ~11 MB once),unavailable offline or when the source is down; the runner,"request templates reviewed; edge validates hosts, methods, sizes",pharmacodb.ca
connector.pharmacodb.dataset_stats,connector,live_sources,,browser+runner,1g,browser now; data via the gateway,pyodide + same-origin gateway,yes,no,no,no,,yes: phone CPU (Pyodide ~11 MB once),unavailable offline or when the source is down; the runner,"request templates reviewed; edge validates hosts, methods, sizes",pharmacodb.ca
connector.pharmacodb.experiments,connector,live_sources,,browser+runner,1g,browser now; data via the gateway,pyodide + same-origin gateway,yes,no,no,no,,yes: phone CPU (Pyodide ~11 MB once),unavailable offline or when the source is down; the runner,"request templates reviewed; edge validates hosts, methods, sizes",pharmacodb.ca
connector.pharmacodb.experiments_in_cell_line,connector,live_sources,,browser+runner,1g,browser now; data via the gateway,pyodide + same-origin gateway,yes,no,no,no,,yes: phone CPU (Pyodide ~11 MB once),unavailable offline or when the source is down; the runner,"request templates reviewed; edge validates hosts, methods, sizes",pharmacodb.ca
connector.pharmacodb.search,connector,live_sources,,browser+runner,1g,browser now; data via the gateway,pyodide + same-origin gateway,yes,no,no,no,,yes: phone CPU (Pyodide ~11 MB once),unavailable offline or when the source is down; the runner,"request templates reviewed; edge validates hosts, methods, sizes",pharmacodb.ca
connector.pharos.ligand,connector,live_sources,,browser+runner,1g,browser now; data via the gateway,pyodide + same-origin gateway,yes,no,no,no,,yes: phone CPU (Pyodide ~11 MB once),unavailable offline or when the source is down; the runner,"request templates reviewed; edge validates hosts, methods, sizes",pharos-api.ncats.io
connector.pharos.target,connector,live_sources,,browser+runner,1g,browser now; data via the gateway,pyodide + same-origin gateway,yes,no,no,no,,yes: phone CPU (Pyodide ~11 MB once),unavailable offline or when the source is down; the runner,"request templates reviewed; edge validates hosts, methods, sizes",pharos-api.ncats.io
connector.pharos.target_diseases,connector,live_sources,,browser+runner,1g,browser now; data via the gateway,pyodide + same-origin gateway,yes,no,no,no,,yes: phone CPU (Pyodide ~11 MB once),unavailable offline or when the source is down; the runner,"request templates reviewed; edge validates hosts, methods, sizes",pharos-api.ncats.io
connector.pharos.target_interactions,connector,live_sources,,browser+runner,1g,browser now; data via the gateway,pyodide + same-origin gateway,yes,no,no,no,,yes: phone CPU (Pyodide ~11 MB once),unavailable offline or when the source is down; the runner,"request templates reviewed; edge validates hosts, methods, sizes",pharos-api.ncats.io
connector.pharos.target_ligands,connector,live_sources,,browser+runner,1g,browser now; data via the gateway,pyodide + same-origin gateway,yes,no,no,no,,yes: phone CPU (Pyodide ~11 MB once),unavailable offline or when the source is down; the runner,"request templates reviewed; edge validates hosts, methods, sizes",pharos-api.ncats.io
connector.pharos.tdl_counts,connector,live_sources,,browser+runner,1g,browser now; data via the gateway,pyodide + same-origin gateway,yes,no,no,no,,yes: phone CPU (Pyodide ~11 MB once),unavailable offline or when the source is down; the runner,"request templates reviewed; edge validates hosts, methods, sizes",pharos-api.ncats.io
connector.pharos.version,connector,live_sources,,browser+runner,1g,browser now; data via the gateway,pyodide + same-origin gateway,yes,no,no,no,,yes: phone CPU (Pyodide ~11 MB once),unavailable offline or when the source is down; the runner,"request templates reviewed; edge validates hosts, methods, sizes",pharos-api.ncats.io
connector.phytohub.entry,connector,live_sources,,browser+runner,1g,browser now; data via the gateway,pyodide + same-origin gateway,yes,no,no,no,,yes: phone CPU (Pyodide ~11 MB once),unavailable offline or when the source is down; the runner,"request templates reviewed; edge validates hosts, methods, sizes",phytohub.eu
connector.phytohub.food_source,connector,live_sources,,browser+runner,1g,browser now; data via the gateway,pyodide + same-origin gateway,yes,no,no,no,,yes: phone CPU (Pyodide ~11 MB once),unavailable offline or when the source is down; the runner,"request templates reviewed; edge validates hosts, methods, sizes",phytohub.eu
connector.phytohub.search,connector,live_sources,,browser+runner,1g,browser now; data via the gateway,pyodide + same-origin gateway,yes,no,no,no,,yes: phone CPU (Pyodide ~11 MB once),unavailable offline or when the source is down; the runner,"request templates reviewed; edge validates hosts, methods, sizes",phytohub.eu
connector.phytohub.structure_sdf,connector,live_sources,,browser+runner,1g,browser now; data via the gateway,pyodide + same-origin gateway,yes,no,no,no,,yes: phone CPU (Pyodide ~11 MB once),unavailable offline or when the source is down; the runner,"request templates reviewed; edge validates hosts, methods, sizes",phytohub.eu
connector.pride.project,connector,live_sources,,browser+runner,1g,browser now; data via the gateway,pyodide + same-origin gateway,yes,no,no,no,,yes: phone CPU (Pyodide ~11 MB once),unavailable offline or when the source is down; the runner,"request templates reviewed; edge validates hosts, methods, sizes",www.ebi.ac.uk
connector.pride.search,connector,live_sources,,browser+runner,1g,browser now; data via the gateway,pyodide + same-origin gateway,yes,no,no,no,,yes: phone CPU (Pyodide ~11 MB once),unavailable offline or when the source is down; the runner,"request templates reviewed; edge validates hosts, methods, sizes",www.ebi.ac.uk
connector.proteinatlas.gene,connector,live_sources,,browser+runner,1g,browser now; data via the gateway,pyodide + same-origin gateway,yes,no,no,no,,yes: phone CPU (Pyodide ~11 MB once),unavailable offline or when the source is down; the runner,"request templates reviewed; edge validates hosts, methods, sizes",www.proteinatlas.org
connector.proteinatlas.search,connector,live_sources,,browser+runner,1g,browser now; data via the gateway,pyodide + same-origin gateway,yes,no,no,no,,yes: phone CPU (Pyodide ~11 MB once),unavailable offline or when the source is down; the runner,"request templates reviewed; edge validates hosts, methods, sizes",www.proteinatlas.org
connector.proteomicsdb.curves,connector,live_sources,,browser+runner,1g,browser now; data via the gateway,pyodide + same-origin gateway,yes,no,no,no,,yes: phone CPU (Pyodide ~11 MB once),unavailable offline or when the source is down; the runner,"request templates reviewed; edge validates hosts, methods, sizes",www.proteomicsdb.org
connector.proteomicsdb.dose_response_datasets,connector,live_sources,,browser+runner,1g,browser now; data via the gateway,pyodide + same-origin gateway,yes,no,no,no,,yes: phone CPU (Pyodide ~11 MB once),unavailable offline or when the source is down; the runner,"request templates reviewed; edge validates hosts, methods, sizes",www.proteomicsdb.org
connector.proteomicsdb.expression,connector,live_sources,,browser+runner,1g,browser now; data via the gateway,pyodide + same-origin gateway,yes,no,no,no,,yes: phone CPU (Pyodide ~11 MB once),unavailable offline or when the source is down; the runner,"request templates reviewed; edge validates hosts, methods, sizes",www.proteomicsdb.org
connector.proteomicsdb.protein,connector,live_sources,,browser+runner,1g,browser now; data via the gateway,pyodide + same-origin gateway,yes,no,no,no,,yes: phone CPU (Pyodide ~11 MB once),unavailable offline or when the source is down; the runner,"request templates reviewed; edge validates hosts, methods, sizes",www.proteomicsdb.org
connector.pubchem.cid_by_name,connector,live_sources,,browser+runner,1g,browser now; data via the gateway,pyodide + same-origin gateway,yes,no,no,no,,yes: phone CPU (Pyodide ~11 MB once),unavailable offline or when the source is down; the runner,"request templates reviewed; edge validates hosts, methods, sizes",pubchem.ncbi.nlm.nih.gov
connector.pubchem.properties_by_cid,connector,live_sources,,browser+runner,1g,browser now; data via the gateway,pyodide + same-origin gateway,yes,no,no,no,,yes: phone CPU (Pyodide ~11 MB once),unavailable offline or when the source is down; the runner,"request templates reviewed; edge validates hosts, methods, sizes",pubchem.ncbi.nlm.nih.gov
connector.pubchem.synonyms,connector,live_sources,,browser+runner,1g,browser now; data via the gateway,pyodide + same-origin gateway,yes,no,no,no,,yes: phone CPU (Pyodide ~11 MB once),unavailable offline or when the source is down; the runner,"request templates reviewed; edge validates hosts, methods, sizes",pubchem.ncbi.nlm.nih.gov
connector.pubtator.autocomplete,connector,literature,,browser+runner,1g,browser now; data via the gateway,pyodide + same-origin gateway,yes,no,no,no,,yes: phone CPU (Pyodide ~11 MB once),unavailable offline or when the source is down; the runner,"request templates reviewed; edge validates hosts, methods, sizes",www.ncbi.nlm.nih.gov
connector.pubtator.export,connector,literature,,browser+runner,1g,browser now; data via the gateway,pyodide + same-origin gateway,yes,no,no,no,,yes: phone CPU (Pyodide ~11 MB once),unavailable offline or when the source is down; the runner,"request templates reviewed; edge validates hosts, methods, sizes",www.ncbi.nlm.nih.gov
connector.pubtator.search,connector,literature,,browser+runner,1g,browser now; data via the gateway,pyodide + same-origin gateway,yes,no,no,no,,yes: phone CPU (Pyodide ~11 MB once),unavailable offline or when the source is down; the runner,"request templates reviewed; edge validates hosts, methods, sizes",www.ncbi.nlm.nih.gov
connector.quickgo.annotations,connector,live_sources,,browser+runner,1g,browser now; data via the gateway,pyodide + same-origin gateway,yes,no,no,no,,yes: phone CPU (Pyodide ~11 MB once),unavailable offline or when the source is down; the runner,"request templates reviewed; edge validates hosts, methods, sizes",www.ebi.ac.uk
connector.quickgo.go_search,connector,live_sources,,browser+runner,1g,browser now; data via the gateway,pyodide + same-origin gateway,yes,no,no,no,,yes: phone CPU (Pyodide ~11 MB once),unavailable offline or when the source is down; the runner,"request templates reviewed; edge validates hosts, methods, sizes",www.ebi.ac.uk
connector.quickgo.go_term,connector,live_sources,,browser+runner,1g,browser now; data via the gateway,pyodide + same-origin gateway,yes,no,no,no,,yes: phone CPU (Pyodide ~11 MB once),unavailable offline or when the source is down; the runner,"request templates reviewed; edge validates hosts, methods, sizes",www.ebi.ac.uk
connector.rcsb.entry,connector,live_sources,,browser+runner,1g,browser now; data via the gateway,pyodide + same-origin gateway,yes,no,no,no,,yes: phone CPU (Pyodide ~11 MB once),unavailable offline or when the source is down; the runner,"request templates reviewed; edge validates hosts, methods, sizes",data.rcsb.org
connector.rcsb.polymer_entity,connector,live_sources,,browser+runner,1g,browser now; data via the gateway,pyodide + same-origin gateway,yes,no,no,no,,yes: phone CPU (Pyodide ~11 MB once),unavailable offline or when the source is down; the runner,"request templates reviewed; edge validates hosts, methods, sizes",data.rcsb.org
connector.reactome.pathways_for_entity,connector,live_sources,,browser+runner,1g,browser now; data via the gateway,pyodide + same-origin gateway,yes,no,no,no,,yes: phone CPU (Pyodide ~11 MB once),unavailable offline or when the source is down; the runner,"request templates reviewed; edge validates hosts, methods, sizes",reactome.org
connector.reactome.query,connector,live_sources,,browser+runner,1g,browser now; data via the gateway,pyodide + same-origin gateway,yes,no,no,no,,yes: phone CPU (Pyodide ~11 MB once),unavailable offline or when the source is down; the runner,"request templates reviewed; edge validates hosts, methods, sizes",reactome.org
connector.reactome.version,connector,live_sources,,browser+runner,1g,browser now; data via the gateway,pyodide + same-origin gateway,yes,no,no,no,,yes: phone CPU (Pyodide ~11 MB once),unavailable offline or when the source is down; the runner,"request templates reviewed; edge validates hosts, methods, sizes",reactome.org
connector.remap.datasets_by_biotype,connector,live_sources,,browser+runner,1g,browser now; data via the gateway,pyodide + same-origin gateway,yes,no,no,no,,yes: phone CPU (Pyodide ~11 MB once),unavailable offline or when the source is down; the runner,"request templates reviewed; edge validates hosts, methods, sizes",remap.univ-amu.fr
connector.remap.datasets_by_target,connector,live_sources,,browser+runner,1g,browser now; data via the gateway,pyodide + same-origin gateway,yes,no,no,no,,yes: phone CPU (Pyodide ~11 MB once),unavailable offline or when the source is down; the runner,"request templates reviewed; edge validates hosts, methods, sizes",remap.univ-amu.fr
connector.rhea.search,connector,live_sources,,browser+runner,1g,browser now; data via the gateway,pyodide + same-origin gateway,yes,no,no,no,,yes: phone CPU (Pyodide ~11 MB once),unavailable offline or when the source is down; the runner,"request templates reviewed; edge validates hosts, methods, sizes",www.rhea-db.org
connector.rnacentral.go_annotations,connector,live_sources,,browser+runner,1g,browser now; data via the gateway,pyodide + same-origin gateway,yes,no,no,no,,yes: phone CPU (Pyodide ~11 MB once),unavailable offline or when the source is down; the runner,"request templates reviewed; edge validates hosts, methods, sizes",rnacentral.org
connector.rnacentral.interactions,connector,live_sources,,browser+runner,1g,browser now; data via the gateway,pyodide + same-origin gateway,yes,no,no,no,,yes: phone CPU (Pyodide ~11 MB once),unavailable offline or when the source is down; the runner,"request templates reviewed; edge validates hosts, methods, sizes",rnacentral.org
connector.rnacentral.protein_targets,connector,live_sources,,browser+runner,1g,browser now; data via the gateway,pyodide + same-origin gateway,yes,no,no,no,,yes: phone CPU (Pyodide ~11 MB once),unavailable offline or when the source is down; the runner,"request templates reviewed; edge validates hosts, methods, sizes",rnacentral.org
connector.rnacentral.rna,connector,live_sources,,browser+runner,1g,browser now; data via the gateway,pyodide + same-origin gateway,yes,no,no,no,,yes: phone CPU (Pyodide ~11 MB once),unavailable offline or when the source is down; the runner,"request templates reviewed; edge validates hosts, methods, sizes",rnacentral.org
connector.rnacentral.rna_by_external_id,connector,live_sources,,browser+runner,1g,browser now; data via the gateway,pyodide + same-origin gateway,yes,no,no,no,,yes: phone CPU (Pyodide ~11 MB once),unavailable offline or when the source is down; the runner,"request templates reviewed; edge validates hosts, methods, sizes",rnacentral.org
connector.rnacentral.xrefs,connector,live_sources,,browser+runner,1g,browser now; data via the gateway,pyodide + same-origin gateway,yes,no,no,no,,yes: phone CPU (Pyodide ~11 MB once),unavailable offline or when the source is down; the runner,"request templates reviewed; edge validates hosts, methods, sizes",rnacentral.org
connector.rxnav.approximate,connector,live_sources,,browser+runner,1g,browser now; data via the gateway,pyodide + same-origin gateway,yes,no,no,no,,yes: phone CPU (Pyodide ~11 MB once),unavailable offline or when the source is down; the runner,"request templates reviewed; edge validates hosts, methods, sizes",rxnav.nlm.nih.gov
connector.rxnav.drug_classes,connector,live_sources,,browser+runner,1g,browser now; data via the gateway,pyodide + same-origin gateway,yes,no,no,no,,yes: phone CPU (Pyodide ~11 MB once),unavailable offline or when the source is down; the runner,"request templates reviewed; edge validates hosts, methods, sizes",rxnav.nlm.nih.gov
connector.rxnav.properties,connector,live_sources,,browser+runner,1g,browser now; data via the gateway,pyodide + same-origin gateway,yes,no,no,no,,yes: phone CPU (Pyodide ~11 MB once),unavailable offline or when the source is down; the runner,"request templates reviewed; edge validates hosts, methods, sizes",rxnav.nlm.nih.gov
connector.rxnav.related,connector,live_sources,,browser+runner,1g,browser now; data via the gateway,pyodide + same-origin gateway,yes,no,no,no,,yes: phone CPU (Pyodide ~11 MB once),unavailable offline or when the source is down; the runner,"request templates reviewed; edge validates hosts, methods, sizes",rxnav.nlm.nih.gov
connector.rxnav.rxcui_by_name,connector,live_sources,,browser+runner,1g,browser now; data via the gateway,pyodide + same-origin gateway,yes,no,no,no,,yes: phone CPU (Pyodide ~11 MB once),unavailable offline or when the source is down; the runner,"request templates reviewed; edge validates hosts, methods, sizes",rxnav.nlm.nih.gov
connector.sabio_rk.compound,connector,live_sources,,browser+runner,1g,browser now; data via the gateway,pyodide + same-origin gateway,yes,no,no,no,,yes: phone CPU (Pyodide ~11 MB once),unavailable offline or when the source is down; the runner,"request templates reviewed; edge validates hosts, methods, sizes",sabiork.h-its.org
connector.sabio_rk.enzyme_by_ec,connector,live_sources,,browser+runner,1g,browser now; data via the gateway,pyodide + same-origin gateway,yes,no,no,no,,yes: phone CPU (Pyodide ~11 MB once),unavailable offline or when the source is down; the runner,"request templates reviewed; edge validates hosts, methods, sizes",sabiork.h-its.org
connector.sabio_rk.kinlaw_entry,connector,live_sources,,browser+runner,1g,browser now; data via the gateway,pyodide + same-origin gateway,yes,no,no,no,,yes: phone CPU (Pyodide ~11 MB once),unavailable offline or when the source is down; the runner,"request templates reviewed; edge validates hosts, methods, sizes",sabiork.h-its.org
connector.sabio_rk.kinlaw_search,connector,live_sources,,browser+runner,1g,browser now; data via the gateway,pyodide + same-origin gateway,yes,no,no,no,,yes: phone CPU (Pyodide ~11 MB once),unavailable offline or when the source is down; the runner,"request templates reviewed; edge validates hosts, methods, sizes",sabiork.h-its.org
connector.sabio_rk.protein,connector,live_sources,,browser+runner,1g,browser now; data via the gateway,pyodide + same-origin gateway,yes,no,no,no,,yes: phone CPU (Pyodide ~11 MB once),unavailable offline or when the source is down; the runner,"request templates reviewed; edge validates hosts, methods, sizes",sabiork.h-its.org
connector.signor.entity_relations,connector,live_sources,,browser+runner,1g,browser now; data via the gateway,pyodide + same-origin gateway,yes,no,no,no,,yes: phone CPU (Pyodide ~11 MB once),unavailable offline or when the source is down; the runner,"request templates reviewed; edge validates hosts, methods, sizes",signor.uniroma2.it
connector.signor.pathway_description,connector,live_sources,,browser+runner,1g,browser now; data via the gateway,pyodide + same-origin gateway,yes,no,no,no,,yes: phone CPU (Pyodide ~11 MB once),unavailable offline or when the source is down; the runner,"request templates reviewed; edge validates hosts, methods, sizes",signor.uniroma2.it
connector.signor.pathway_relations,connector,live_sources,,browser+runner,1g,browser now; data via the gateway,pyodide + same-origin gateway,yes,no,no,no,,yes: phone CPU (Pyodide ~11 MB once),unavailable offline or when the source is down; the runner,"request templates reviewed; edge validates hosts, methods, sizes",signor.uniroma2.it
connector.signor.relations_among,connector,live_sources,,browser+runner,1g,browser now; data via the gateway,pyodide + same-origin gateway,yes,no,no,no,,yes: phone CPU (Pyodide ~11 MB once),unavailable offline or when the source is down; the runner,"request templates reviewed; edge validates hosts, methods, sizes",signor.uniroma2.it
connector.string.map_ids,connector,live_sources,,browser+runner,1g,browser now; data via the gateway,pyodide + same-origin gateway,yes,no,no,no,,yes: phone CPU (Pyodide ~11 MB once),unavailable offline or when the source is down; the runner,"request templates reviewed; edge validates hosts, methods, sizes",string-db.org
connector.string.network,connector,live_sources,,browser+runner,1g,browser now; data via the gateway,pyodide + same-origin gateway,yes,no,no,no,,yes: phone CPU (Pyodide ~11 MB once),unavailable offline or when the source is down; the runner,"request templates reviewed; edge validates hosts, methods, sizes",string-db.org
connector.symmap.related,connector,tcm_data,,browser+runner,1g,browser now; data via the gateway,pyodide + same-origin gateway,yes,no,no,no,,yes: phone CPU (Pyodide ~11 MB once),unavailable offline or when the source is down; the runner,"request templates reviewed; edge validates hosts, methods, sizes",www.symmap.org
connector.tcia.body_parts,connector,live_sources,,browser+runner,1g,browser now; data via the gateway,pyodide + same-origin gateway,yes,no,no,no,,yes: phone CPU (Pyodide ~11 MB once),unavailable offline or when the source is down; the runner,"request templates reviewed; edge validates hosts, methods, sizes",services.cancerimagingarchive.net
connector.tcia.collections,connector,live_sources,,browser+runner,1g,browser now; data via the gateway,pyodide + same-origin gateway,yes,no,no,no,,yes: phone CPU (Pyodide ~11 MB once),unavailable offline or when the source is down; the runner,"request templates reviewed; edge validates hosts, methods, sizes",services.cancerimagingarchive.net
connector.tcia.modalities,connector,live_sources,,browser+runner,1g,browser now; data via the gateway,pyodide + same-origin gateway,yes,no,no,no,,yes: phone CPU (Pyodide ~11 MB once),unavailable offline or when the source is down; the runner,"request templates reviewed; edge validates hosts, methods, sizes",services.cancerimagingarchive.net
connector.tcia.patient_studies,connector,live_sources,,browser+runner,1g,browser now; data via the gateway,pyodide + same-origin gateway,yes,no,no,no,,yes: phone CPU (Pyodide ~11 MB once),unavailable offline or when the source is down; the runner,"request templates reviewed; edge validates hosts, methods, sizes",services.cancerimagingarchive.net
connector.tcia.patients,connector,live_sources,,browser+runner,1g,browser now; data via the gateway,pyodide + same-origin gateway,yes,no,no,no,,yes: phone CPU (Pyodide ~11 MB once),unavailable offline or when the source is down; the runner,"request templates reviewed; edge validates hosts, methods, sizes",services.cancerimagingarchive.net
connector.tcia.series,connector,live_sources,,browser+runner,1g,browser now; data via the gateway,pyodide + same-origin gateway,yes,no,no,no,,yes: phone CPU (Pyodide ~11 MB once),unavailable offline or when the source is down; the runner,"request templates reviewed; edge validates hosts, methods, sizes",services.cancerimagingarchive.net
connector.tcia.series_size,connector,live_sources,,browser+runner,1g,browser now; data via the gateway,pyodide + same-origin gateway,yes,no,no,no,,yes: phone CPU (Pyodide ~11 MB once),unavailable offline or when the source is down; the runner,"request templates reviewed; edge validates hosts, methods, sizes",services.cancerimagingarchive.net
connector.tcia_cm.collection,connector,live_sources,,browser+runner,1g,browser now; data via the gateway,pyodide + same-origin gateway,yes,no,no,no,,yes: phone CPU (Pyodide ~11 MB once),unavailable offline or when the source is down; the runner,"request templates reviewed; edge validates hosts, methods, sizes",www.cancerimagingarchive.net
connector.tcia_cm.collections_search,connector,live_sources,,browser+runner,1g,browser now; data via the gateway,pyodide + same-origin gateway,yes,no,no,no,,yes: phone CPU (Pyodide ~11 MB once),unavailable offline or when the source is down; the runner,"request templates reviewed; edge validates hosts, methods, sizes",www.cancerimagingarchive.net
connector.tcia_cm.download,connector,live_sources,,browser+runner,1g,browser now; data via the gateway,pyodide + same-origin gateway,yes,no,no,no,,yes: phone CPU (Pyodide ~11 MB once),unavailable offline or when the source is down; the runner,"request templates reviewed; edge validates hosts, methods, sizes",www.cancerimagingarchive.net
connector.tcia_cm.licenses,connector,live_sources,,browser+runner,1g,browser now; data via the gateway,pyodide + same-origin gateway,yes,no,no,no,,yes: phone CPU (Pyodide ~11 MB once),unavailable offline or when the source is down; the runner,"request templates reviewed; edge validates hosts, methods, sizes",www.cancerimagingarchive.net
connector.tcmbank.detail,connector,tcm_data,,browser+runner,1g,browser now; data via the gateway,pyodide + same-origin gateway,yes,no,no,no,,yes: phone CPU (Pyodide ~11 MB once),unavailable offline or when the source is down; the runner,"request templates reviewed; edge validates hosts, methods, sizes",tcmbank.cn
connector.tcmbank.herb_ingredients,connector,tcm_data,,browser+runner,1g,browser now; data via the gateway,pyodide + same-origin gateway,yes,no,no,no,,yes: phone CPU (Pyodide ~11 MB once),unavailable offline or when the source is down; the runner,"request templates reviewed; edge validates hosts, methods, sizes",tcmbank.cn
connector.tcmbank.herb_search,connector,tcm_data,,browser+runner,1g,browser now; data via the gateway,pyodide + same-origin gateway,yes,no,no,no,,yes: phone CPU (Pyodide ~11 MB once),unavailable offline or when the source is down; the runner,"request templates reviewed; edge validates hosts, methods, sizes",tcmbank.cn
connector.tcmbank.ingredient_search,connector,tcm_data,,browser+runner,1g,browser now; data via the gateway,pyodide + same-origin gateway,yes,no,no,no,,yes: phone CPU (Pyodide ~11 MB once),unavailable offline or when the source is down; the runner,"request templates reviewed; edge validates hosts, methods, sizes",tcmbank.cn
connector.ttd.target,connector,tcm_data,,browser+runner,1g,browser now; data via the gateway,pyodide + same-origin gateway,yes,no,no,no,,yes: phone CPU (Pyodide ~11 MB once),unavailable offline or when the source is down; the runner,"request templates reviewed; edge validates hosts, methods, sizes",ttd.idrblab.cn
connector.ttd.target_drugs,connector,tcm_data,,browser+runner,1g,browser now; data via the gateway,pyodide + same-origin gateway,yes,no,no,no,,yes: phone CPU (Pyodide ~11 MB once),unavailable offline or when the source is down; the runner,"request templates reviewed; edge validates hosts, methods, sizes",ttd.idrblab.cn
connector.ttd.target_pathways,connector,tcm_data,,browser+runner,1g,browser now; data via the gateway,pyodide + same-origin gateway,yes,no,no,no,,yes: phone CPU (Pyodide ~11 MB once),unavailable offline or when the source is down; the runner,"request templates reviewed; edge validates hosts, methods, sizes",ttd.idrblab.cn
connector.ucsc.chromosomes,connector,live_sources,,browser+runner,1g,browser now; data via the gateway,pyodide + same-origin gateway,yes,no,no,no,,yes: phone CPU (Pyodide ~11 MB once),unavailable offline or when the source is down; the runner,"request templates reviewed; edge validates hosts, methods, sizes",api.genome.ucsc.edu
connector.ucsc.genomes,connector,live_sources,,browser+runner,1g,browser now; data via the gateway,pyodide + same-origin gateway,yes,no,no,no,,yes: phone CPU (Pyodide ~11 MB once),unavailable offline or when the source is down; the runner,"request templates reviewed; edge validates hosts, methods, sizes",api.genome.ucsc.edu
connector.ucsc.sequence,connector,live_sources,,browser+runner,1g,browser now; data via the gateway,pyodide + same-origin gateway,yes,no,no,no,,yes: phone CPU (Pyodide ~11 MB once),unavailable offline or when the source is down; the runner,"request templates reviewed; edge validates hosts, methods, sizes",api.genome.ucsc.edu
connector.ucsc.track,connector,live_sources,,browser+runner,1g,browser now; data via the gateway,pyodide + same-origin gateway,yes,no,no,no,,yes: phone CPU (Pyodide ~11 MB once),unavailable offline or when the source is down; the runner,"request templates reviewed; edge validates hosts, methods, sizes",api.genome.ucsc.edu
connector.uniprot.entry,connector,live_sources,,browser+runner,1g,browser now; data via the gateway,pyodide + same-origin gateway,yes,no,no,no,,yes: phone CPU (Pyodide ~11 MB once),unavailable offline or when the source is down; the runner,"request templates reviewed; edge validates hosts, methods, sizes",rest.uniprot.org
connector.uniprot.fasta,connector,live_sources,,browser+runner,1g,browser now; data via the gateway,pyodide + same-origin gateway,yes,no,no,no,,yes: phone CPU (Pyodide ~11 MB once),unavailable offline or when the source is down; the runner,"request templates reviewed; edge validates hosts, methods, sizes",rest.uniprot.org
connector.uniprot.search,connector,live_sources,,browser+runner,1g,browser now; data via the gateway,pyodide + same-origin gateway,yes,no,no,no,,yes: phone CPU (Pyodide ~11 MB once),unavailable offline or when the source is down; the runner,"request templates reviewed; edge validates hosts, methods, sizes",rest.uniprot.org
connector.vdjserver_adc.info,connector,live_sources,,browser+runner,1g,browser now; data via the gateway,pyodide + same-origin gateway,yes,no,no,no,,yes: phone CPU (Pyodide ~11 MB once),unavailable offline or when the source is down; the runner,"request templates reviewed; edge validates hosts, methods, sizes",vdjserver.org
connector.vdjserver_adc.rearrangement_count,connector,live_sources,,browser+runner,1g,browser now; data via the gateway,pyodide + same-origin gateway,yes,no,no,no,,yes: phone CPU (Pyodide ~11 MB once),unavailable offline or when the source is down; the runner,"request templates reviewed; edge validates hosts, methods, sizes",vdjserver.org
connector.vdjserver_adc.rearrangements,connector,live_sources,,browser+runner,1g,browser now; data via the gateway,pyodide + same-origin gateway,yes,no,no,no,,yes: phone CPU (Pyodide ~11 MB once),unavailable offline or when the source is down; the runner,"request templates reviewed; edge validates hosts, methods, sizes",vdjserver.org
connector.vdjserver_adc.rearrangements_by_junction,connector,live_sources,,browser+runner,1g,browser now; data via the gateway,pyodide + same-origin gateway,yes,no,no,no,,yes: phone CPU (Pyodide ~11 MB once),unavailable offline or when the source is down; the runner,"request templates reviewed; edge validates hosts, methods, sizes",vdjserver.org
connector.vdjserver_adc.repertoires,connector,live_sources,,browser+runner,1g,browser now; data via the gateway,pyodide + same-origin gateway,yes,no,no,no,,yes: phone CPU (Pyodide ~11 MB once),unavailable offline or when the source is down; the runner,"request templates reviewed; edge validates hosts, methods, sizes",vdjserver.org
connector.vdjserver_adc.repertoires_by_study,connector,live_sources,,browser+runner,1g,browser now; data via the gateway,pyodide + same-origin gateway,yes,no,no,no,,yes: phone CPU (Pyodide ~11 MB once),unavailable offline or when the source is down; the runner,"request templates reviewed; edge validates hosts, methods, sizes",vdjserver.org
connector.vdjserver_adc.studies_by_diagnosis,connector,live_sources,,browser+runner,1g,browser now; data via the gateway,pyodide + same-origin gateway,yes,no,no,no,,yes: phone CPU (Pyodide ~11 MB once),unavailable offline or when the source is down; the runner,"request templates reviewed; edge validates hosts, methods, sizes",vdjserver.org
connector.vdjserver_adc.study_counts,connector,live_sources,,browser+runner,1g,browser now; data via the gateway,pyodide + same-origin gateway,yes,no,no,no,,yes: phone CPU (Pyodide ~11 MB once),unavailable offline or when the source is down; the runner,"request templates reviewed; edge validates hosts, methods, sizes",vdjserver.org
connector.wikidata_sparql.compounds_in_taxon,connector,live_sources,,browser+runner,1g,browser now; data via the gateway,pyodide + same-origin gateway,yes,no,no,no,,yes: phone CPU (Pyodide ~11 MB once),unavailable offline or when the source is down; the runner,"request templates reviewed; edge validates hosts, methods, sizes",query.wikidata.org
connector.wikidata_sparql.sparql,connector,live_sources,,browser+runner,1g,browser now; data via the gateway,pyodide + same-origin gateway,yes,no,no,no,,yes: phone CPU (Pyodide ~11 MB once),unavailable offline or when the source is down; the runner,"request templates reviewed; edge validates hosts, methods, sizes",query.wikidata.org
connector.wikidata_sparql.taxa_with_compound,connector,live_sources,,browser+runner,1g,browser now; data via the gateway,pyodide + same-origin gateway,yes,no,no,no,,yes: phone CPU (Pyodide ~11 MB once),unavailable offline or when the source is down; the runner,"request templates reviewed; edge validates hosts, methods, sizes",query.wikidata.org
connector.wikidata_sparql.taxon_by_name,connector,live_sources,,browser+runner,1g,browser now; data via the gateway,pyodide + same-origin gateway,yes,no,no,no,,yes: phone CPU (Pyodide ~11 MB once),unavailable offline or when the source is down; the runner,"request templates reviewed; edge validates hosts, methods, sizes",query.wikidata.org
connector.wikipathways.find,connector,live_sources,,browser+runner,1g,browser now; data via the gateway,pyodide + same-origin gateway,yes,no,no,no,,yes: phone CPU (Pyodide ~11 MB once),unavailable offline or when the source is down; the runner,"request templates reviewed; edge validates hosts, methods, sizes",www.wikipathways.org
connector.wikipathways.info,connector,live_sources,,browser+runner,1g,browser now; data via the gateway,pyodide + same-origin gateway,yes,no,no,no,,yes: phone CPU (Pyodide ~11 MB once),unavailable offline or when the source is down; the runner,"request templates reviewed; edge validates hosts, methods, sizes",www.wikipathways.org
connector.wikipathways.list,connector,live_sources,,browser+runner,1g,browser now; data via the gateway,pyodide + same-origin gateway,yes,no,no,no,,yes: phone CPU (Pyodide ~11 MB once),unavailable offline or when the source is down; the runner,"request templates reviewed; edge validates hosts, methods, sizes",www.wikipathways.org
job.pipeline.admet,job,structure_molecules,,runner,7,native engine or GPU framework (runner),runner (native CPython),no,no,no,yes,"rdkit, scikit-learn",no: needs the local runner on a computer,none in the browser: the call says what it needs,runner tests,rdkit is not in Pyodide (scikit-learn is)
job.pipeline.dock,job,structure_molecules,,runner,7,native engine or GPU framework (runner),runner (native CPython),no,no,no,yes,"rdkit, meeko, vina, gemmi",no: needs the local runner on a computer,none in the browser: the call says what it needs,runner tests,"AutoDock Vina, meeko, gemmi and rdkit are native and not in Pyodide"
job.pipeline.fold,job,structure_molecules,,runner,7,native engine or GPU framework (runner),"runner (native CPython, GPU)",no,no,yes,yes,,no: needs the local runner on a computer,none in the browser: the call says what it needs,runner tests,ESMFold needs torch + transformers (not in Pyodide) and a GPU; ESM Atlas / ColabFold are remote services (allow_remote)
job.pipeline.rnaseq,job,omics,,runner,7,native engine or GPU framework (runner),runner (native CPython),no,no,no,yes,,no: needs the local runner on a computer,none in the browser: the call says what it needs,runner tests,salmon / kallisto / hisat2 / fastp are native binaries; the builtin engine is numpy/scipy (in Pyodide) but a transcriptome index needs GBs of memory
job.pipeline.scrna,job,omics,,runner,6,substantial work for the browser,runner (native CPython),no,yes (after first load),no,yes,,no: needs the local runner on a computer,none in the browser: the call says what it needs,runner tests,"the builtin backend is numpy/scipy (in Pyodide) and could run small datasets; scanpy, harmony and scvi (torch) are not in Pyodide; files and hours-long runs need a job model"
job.research.run,job,netpharm,,runner,6,substantial work for the browser,runner (native CPython),no,yes (after first load),no,yes,pyarrow,no: needs the local runner on a computer,none in the browser: the call says what it needs,runner tests,pyarrow is in Pyodide 314; the blocker is the data lake snapshot ledger and a long job
job.skill.run,job,system,,runner,8,local runner only,runner (native CPython),no,no,no,yes,,no: needs the local runner on a computer,none in the browser: the call says what it needs,runner tests,runs a governed skill as a subprocess job
job.tcmdb.build,job,tcm_data,,runner,8,local runner only,runner (native CPython),no,no,no,yes,,no: needs the local runner on a computer,none in the browser: the call says what it needs,runner tests,builds SQLite stores from those downloads
job.tcmdb.fetch,job,tcm_data,,runner,8,local runner only,runner (native CPython),yes,no,no,yes,,no: needs the local runner on a computer,none in the browser: the call says what it needs,runner tests,downloads full third-party databases to disk
native.abcd2,native,clinical_calc,clinical-calculators,browser+runner,1,"browser now (Pyodide, CPU)",pyodide,no,yes (after first load),no,no,,yes: phone CPU (Pyodide ~11 MB once),—,byte-identical to native CPython (runtime check),
native.acid_base_interpretation,native,clinical_calc,clinical-calculators,browser+runner,1,"browser now (Pyodide, CPU)",pyodide,no,yes (after first load),no,no,,yes: phone CPU (Pyodide ~11 MB once),—,byte-identical to native CPython (runtime check),
native.allele_frequencies,native,seq_genomics,variant-analysis,browser+runner,1,"browser now (Pyodide, CPU)",pyodide,no,yes (after first load),no,no,,yes: phone CPU (Pyodide ~11 MB once),—,byte-identical to native CPython (runtime check),
native.allowable_blood_loss,native,clinical_calc,clinical-calculators,browser+runner,1,"browser now (Pyodide, CPU)",pyodide,no,yes (after first load),no,no,,yes: phone CPU (Pyodide ~11 MB once),—,byte-identical to native CPython (runtime check),
native.alvarado,native,clinical_calc,clinical-calculators,browser+runner,1,"browser now (Pyodide, CPU)",pyodide,no,yes (after first load),no,no,,yes: phone CPU (Pyodide ~11 MB once),—,byte-identical to native CPython (runtime check),
native.alveolar_gas,native,clinical_calc,clinical-calculators,browser+runner,1,"browser now (Pyodide, CPU)",pyodide,no,yes (after first load),no,no,,yes: phone CPU (Pyodide ~11 MB once),—,byte-identical to native CPython (runtime check),
native.anion_gap,native,clinical_calc,clinical-calculators,browser+runner,1,"browser now (Pyodide, CPU)",pyodide,no,yes (after first load),no,no,,yes: phone CPU (Pyodide ~11 MB once),—,byte-identical to native CPython (runtime check),
native.annotate_coding_variant,native,seq_genomics,variant-analysis,browser+runner,1,"browser now (Pyodide, CPU)",pyodide,no,yes (after first load),no,no,,yes: phone CPU (Pyodide ~11 MB once),—,byte-identical to native CPython (runtime check),
native.apgar,native,clinical_calc,clinical-calculators,browser+runner,1,"browser now (Pyodide, CPU)",pyodide,no,yes (after first load),no,no,,yes: phone CPU (Pyodide ~11 MB once),—,byte-identical to native CPython (runtime check),
native.apri,native,clinical_calc,clinical-calculators,browser+runner,1,"browser now (Pyodide, CPU)",pyodide,no,yes (after first load),no,no,,yes: phone CPU (Pyodide ~11 MB once),—,byte-identical to native CPython (runtime check),
native.ascvd_pooled_cohort,native,clinical_calc,clinical-calculators,browser+runner,1,"browser now (Pyodide, CPU)",pyodide,no,yes (after first load),no,no,,yes: phone CPU (Pyodide ~11 MB once),—,byte-identical to native CPython (runtime check),
native.basal_metabolic_rate,native,clinical_calc,clinical-calculators,browser+runner,1,"browser now (Pyodide, CPU)",pyodide,no,yes (after first load),no,no,,yes: phone CPU (Pyodide ~11 MB once),—,byte-identical to native CPython (runtime check),
native.benjamini_hochberg,native,study_design,statistics,browser+runner,1,"browser now (Pyodide, CPU)",pyodide,no,yes (after first load),no,no,,yes: phone CPU (Pyodide ~11 MB once),—,byte-identical to native CPython (runtime check),
native.bishop_score,native,clinical_calc,clinical-calculators,browser+runner,1,"browser now (Pyodide, CPU)",pyodide,no,yes (after first load),no,no,,yes: phone CPU (Pyodide ~11 MB once),—,byte-identical to native CPython (runtime check),
native.bmi,native,clinical_calc,clinical-calculators,browser+runner,1,"browser now (Pyodide, CPU)",pyodide,no,yes (after first load),no,no,,yes: phone CPU (Pyodide ~11 MB once),—,byte-identical to native CPython (runtime check),
native.body_surface_area,native,clinical_calc,clinical-calculators,browser+runner,1,"browser now (Pyodide, CPU)",pyodide,no,yes (after first load),no,no,,yes: phone CPU (Pyodide ~11 MB once),—,byte-identical to native CPython (runtime check),
native.bsa_dose,native,clinical_calc,pharmacology,browser+runner,1,"browser now (Pyodide, CPU)",pyodide,no,yes (after first load),no,no,,yes: phone CPU (Pyodide ~11 MB once),—,byte-identical to native CPython (runtime check),
native.calculated_osmolality,native,clinical_calc,clinical-calculators,browser+runner,1,"browser now (Pyodide, CPU)",pyodide,no,yes (after first load),no,no,,yes: phone CPU (Pyodide ~11 MB once),—,byte-identical to native CPython (runtime check),
native.carboplatin_calvert,native,clinical_calc,pharmacology,browser+runner,1,"browser now (Pyodide, CPU)",pyodide,no,yes (after first load),no,no,,yes: phone CPU (Pyodide ~11 MB once),—,byte-identical to native CPython (runtime check),
native.centor_mcisaac,native,clinical_calc,clinical-calculators,browser+runner,1,"browser now (Pyodide, CPU)",pyodide,no,yes (after first load),no,no,,yes: phone CPU (Pyodide ~11 MB once),—,byte-identical to native CPython (runtime check),
native.cha2ds2_vasc,native,clinical_calc,clinical-calculators,browser+runner,1,"browser now (Pyodide, CPU)",pyodide,no,yes (after first load),no,no,,yes: phone CPU (Pyodide ~11 MB once),—,byte-identical to native CPython (runtime check),
native.chi_square_test,native,study_design,statistics,browser+runner,1,"browser now (Pyodide, CPU)",pyodide,no,yes (after first load),no,no,,yes: phone CPU (Pyodide ~11 MB once),—,byte-identical to native CPython (runtime check),
native.child_pugh,native,clinical_calc,clinical-calculators,browser+runner,1,"browser now (Pyodide, CPU)",pyodide,no,yes (after first load),no,no,,yes: phone CPU (Pyodide ~11 MB once),—,byte-identical to native CPython (runtime check),
native.codon_usage,native,seq_genomics,sequence-analysis,browser+runner,1,"browser now (Pyodide, CPU)",pyodide,no,yes (after first load),no,no,,yes: phone CPU (Pyodide ~11 MB once),—,byte-identical to native CPython (runtime check),
native.cohens_d,native,study_design,statistics,browser+runner,1,"browser now (Pyodide, CPU)",pyodide,no,yes (after first load),no,no,,yes: phone CPU (Pyodide ~11 MB once),—,byte-identical to native CPython (runtime check),
native.convert_units,native,clinical_calc,clinical-calculators,browser+runner,1,"browser now (Pyodide, CPU)",pyodide,no,yes (after first load),no,no,,yes: phone CPU (Pyodide ~11 MB once),—,byte-identical to native CPython (runtime check),
native.corrected_calcium,native,clinical_calc,clinical-calculators,browser+runner,1,"browser now (Pyodide, CPU)",pyodide,no,yes (after first load),no,no,,yes: phone CPU (Pyodide ~11 MB once),—,byte-identical to native CPython (runtime check),
native.corrected_sodium,native,clinical_calc,clinical-calculators,browser+runner,1,"browser now (Pyodide, CPU)",pyodide,no,yes (after first load),no,no,,yes: phone CPU (Pyodide ~11 MB once),—,byte-identical to native CPython (runtime check),
native.correlation,native,study_design,statistics,browser+runner,1,"browser now (Pyodide, CPU)",pyodide,no,yes (after first load),no,no,,yes: phone CPU (Pyodide ~11 MB once),—,byte-identical to native CPython (runtime check),
native.cpg_islands,native,seq_genomics,sequence-analysis,browser+runner,1,"browser now (Pyodide, CPU)",pyodide,no,yes (after first load),no,no,,yes: phone CPU (Pyodide ~11 MB once),—,byte-identical to native CPython (runtime check),
native.cpm,native,study_design,statistics,browser+runner,1,"browser now (Pyodide, CPU)",pyodide,no,yes (after first load),no,no,,yes: phone CPU (Pyodide ~11 MB once),—,byte-identical to native CPython (runtime check),
native.creatinine_clearance_cockcroft_gault,native,clinical_calc,clinical-calculators,browser+runner,1,"browser now (Pyodide, CPU)",pyodide,no,yes (after first load),no,no,,yes: phone CPU (Pyodide ~11 MB once),—,byte-identical to native CPython (runtime check),
native.crispr_guides,native,seq_genomics,sequence-analysis,browser+runner,5,WASM SIMD/threads candidate,pyodide,no,yes (after first load),no,no,,yes: phone CPU (Pyodide ~11 MB once),—,byte-identical to native CPython (runtime check),string scanning
native.curb65,native,clinical_calc,clinical-calculators,browser+runner,1,"browser now (Pyodide, CPU)",pyodide,no,yes (after first load),no,no,,yes: phone CPU (Pyodide ~11 MB once),—,byte-identical to native CPython (runtime check),
native.diagnostic_metrics,native,study_design,statistics,browser+runner,1,"browser now (Pyodide, CPU)",pyodide,no,yes (after first load),no,no,,yes: phone CPU (Pyodide ~11 MB once),—,byte-identical to native CPython (runtime check),
native.distance_matrix,native,seq_genomics,phylogenetics,browser+runner,3,browser: WebGPU (exact) + CPU kernel,webgpu → js kernel → pyodide,no,yes (after first load),no,no,,yes: phone CPU (Pyodide ~11 MB once),"the CPU kernel, then the original Python",exact integer counts; packet bound to the input by SHA-256; Python recounts sampled records; fixtures + randomized end-to-end parity,pairwise site/difference/transition counts
native.diversity,native,study_design,statistics,browser+runner,1,"browser now (Pyodide, CPU)",pyodide,no,yes (after first load),no,no,,yes: phone CPU (Pyodide ~11 MB once),—,byte-identical to native CPython (runtime check),
native.edit_distance,native,seq_genomics,sequence-analysis,browser+runner,2,browser: JavaScript CPU kernel,js kernel → pyodide,no,yes (after first load),no,no,,yes: phone CPU (Pyodide ~11 MB once),the original Python,byte-identical output (score bits and int/float type); Python re-checks every alignment; fixtures + randomized end-to-end parity,Levenshtein
native.egfr_ckd_epi_2021,native,clinical_calc,clinical-calculators,browser+runner,1,"browser now (Pyodide, CPU)",pyodide,no,yes (after first load),no,no,,yes: phone CPU (Pyodide ~11 MB once),—,byte-identical to native CPython (runtime check),
native.enrichment_analysis,native,study_design,statistics,browser+runner,5,WASM SIMD/threads candidate,pyodide,no,yes (after first load),no,no,,yes: phone CPU (Pyodide ~11 MB once),—,byte-identical to native CPython (runtime check),many hypergeometric tests
native.fib4,native,clinical_calc,clinical-calculators,browser+runner,1,"browser now (Pyodide, CPU)",pyodide,no,yes (after first load),no,no,,yes: phone CPU (Pyodide ~11 MB once),—,byte-identical to native CPython (runtime check),
native.find_orfs,native,seq_genomics,sequence-analysis,browser+runner,5,WASM SIMD/threads candidate,pyodide,no,yes (after first load),no,no,,yes: phone CPU (Pyodide ~11 MB once),—,byte-identical to native CPython (runtime check),"string scanning, six frames"
native.fisher_exact,native,study_design,statistics,browser+runner,1,"browser now (Pyodide, CPU)",pyodide,no,yes (after first load),no,no,,yes: phone CPU (Pyodide ~11 MB once),—,byte-identical to native CPython (runtime check),
native.fractional_excretion_sodium,native,clinical_calc,clinical-calculators,browser+runner,1,"browser now (Pyodide, CPU)",pyodide,no,yes (after first load),no,no,,yes: phone CPU (Pyodide ~11 MB once),—,byte-identical to native CPython (runtime check),
native.free_water_deficit,native,clinical_calc,clinical-calculators,browser+runner,1,"browser now (Pyodide, CPU)",pyodide,no,yes (after first load),no,no,,yes: phone CPU (Pyodide ~11 MB once),—,byte-identical to native CPython (runtime check),
native.friedewald_ldl,native,clinical_calc,clinical-calculators,browser+runner,1,"browser now (Pyodide, CPU)",pyodide,no,yes (after first load),no,no,,yes: phone CPU (Pyodide ~11 MB once),—,byte-identical to native CPython (runtime check),
native.fst,native,seq_genomics,population-genetics,browser+runner,1,"browser now (Pyodide, CPU)",pyodide,no,yes (after first load),no,no,,yes: phone CPU (Pyodide ~11 MB once),—,byte-identical to native CPython (runtime check),
native.gad7,native,clinical_calc,clinical-calculators,browser+runner,1,"browser now (Pyodide, CPU)",pyodide,no,yes (after first load),no,no,,yes: phone CPU (Pyodide ~11 MB once),—,byte-identical to native CPython (runtime check),
native.gc_content,native,seq_genomics,sequence-analysis,browser+runner,3,browser: WebGPU (exact) + CPU kernel,webgpu → js kernel → pyodide,no,yes (after first load),no,no,,yes: phone CPU (Pyodide ~11 MB once),"the CPU kernel, then the original Python",exact integer counts; packet bound to the input by SHA-256; Python recounts sampled records; fixtures + randomized end-to-end parity,GC counts (windows: CPU prefix sums)
native.gestational_age,native,clinical_calc,clinical-calculators,browser+runner,1,"browser now (Pyodide, CPU)",pyodide,no,yes (after first load),no,no,,yes: phone CPU (Pyodide ~11 MB once),—,byte-identical to native CPython (runtime check),
native.glasgow_coma_scale,native,clinical_calc,clinical-calculators,browser+runner,1,"browser now (Pyodide, CPU)",pyodide,no,yes (after first load),no,no,,yes: phone CPU (Pyodide ~11 MB once),—,byte-identical to native CPython (runtime check),
native.global_alignment,native,seq_genomics,sequence-alignment,browser+runner,2,browser: JavaScript CPU kernel,js kernel → pyodide,no,yes (after first load),no,no,,yes: phone CPU (Pyodide ~11 MB once),the original Python,byte-identical output (score bits and int/float type); Python re-checks every alignment; fixtures + randomized end-to-end parity,Needleman–Wunsch
native.glucocorticoid_equivalent,native,clinical_calc,pharmacology,browser+runner,1,"browser now (Pyodide, CPU)",pyodide,no,yes (after first load),no,no,,yes: phone CPU (Pyodide ~11 MB once),—,byte-identical to native CPython (runtime check),
native.half_life_from_levels,native,clinical_calc,pharmacology,browser+runner,1,"browser now (Pyodide, CPU)",pyodide,no,yes (after first load),no,no,,yes: phone CPU (Pyodide ~11 MB once),—,byte-identical to native CPython (runtime check),
native.hamming_distance,native,seq_genomics,sequence-analysis,browser+runner,3,browser: WebGPU (exact) + CPU kernel,webgpu → js kernel → pyodide,no,yes (after first load),no,no,,yes: phone CPU (Pyodide ~11 MB once),"the CPU kernel, then the original Python",exact integer counts; packet bound to the input by SHA-256; Python recounts sampled records; fixtures + randomized end-to-end parity,mismatch count
native.has_bled,native,clinical_calc,clinical-calculators,browser+runner,1,"browser now (Pyodide, CPU)",pyodide,no,yes (after first load),no,no,,yes: phone CPU (Pyodide ~11 MB once),—,byte-identical to native CPython (runtime check),
native.hba1c_to_eag,native,clinical_calc,clinical-calculators,browser+runner,1,"browser now (Pyodide, CPU)",pyodide,no,yes (after first load),no,no,,yes: phone CPU (Pyodide ~11 MB once),—,byte-identical to native CPython (runtime check),
native.heart_score,native,clinical_calc,clinical-calculators,browser+runner,1,"browser now (Pyodide, CPU)",pyodide,no,yes (after first load),no,no,,yes: phone CPU (Pyodide ~11 MB once),—,byte-identical to native CPython (runtime check),
native.henderson_hasselbalch,native,clinical_calc,clinical-calculators,browser+runner,1,"browser now (Pyodide, CPU)",pyodide,no,yes (after first load),no,no,,yes: phone CPU (Pyodide ~11 MB once),—,byte-identical to native CPython (runtime check),
native.hk_cmm_dna_lookup,native,tcm_data,tcm-knowledge,browser+runner,1,"browser now (Pyodide, CPU)",pyodide,no,yes (after first load),no,no,,yes: phone CPU (Pyodide ~11 MB once),—,byte-identical to native CPython (runtime check),
native.hkbu_formula_lookup,native,tcm_data,tcm-knowledge,browser+runner,1,"browser now (Pyodide, CPU)",pyodide,no,yes (after first load),no,no,,yes: phone CPU (Pyodide ~11 MB once),—,byte-identical to native CPython (runtime check),
native.hkcmms_standard_lookup,native,tcm_data,tcm-knowledge,browser+runner,1,"browser now (Pyodide, CPU)",pyodide,no,yes (after first load),no,no,,yes: phone CPU (Pyodide ~11 MB once),—,byte-identical to native CPython (runtime check),
native.holliday_segar,native,clinical_calc,clinical-calculators,browser+runner,1,"browser now (Pyodide, CPU)",pyodide,no,yes (after first load),no,no,,yes: phone CPU (Pyodide ~11 MB once),—,byte-identical to native CPython (runtime check),
native.homa_ir,native,clinical_calc,clinical-calculators,browser+runner,1,"browser now (Pyodide, CPU)",pyodide,no,yes (after first load),no,no,,yes: phone CPU (Pyodide ~11 MB once),—,byte-identical to native CPython (runtime check),
native.hydropathy_profile,native,structure_molecules,protein-analysis,browser+runner,1,"browser now (Pyodide, CPU)",pyodide,no,yes (after first load),no,no,,yes: phone CPU (Pyodide ~11 MB once),—,byte-identical to native CPython (runtime check),
native.hypergeometric_test,native,study_design,statistics,browser+runner,1,"browser now (Pyodide, CPU)",pyodide,no,yes (after first load),no,no,,yes: phone CPU (Pyodide ~11 MB once),—,byte-identical to native CPython (runtime check),
native.ideal_body_weight,native,clinical_calc,clinical-calculators,browser+runner,1,"browser now (Pyodide, CPU)",pyodide,no,yes (after first load),no,no,,yes: phone CPU (Pyodide ~11 MB once),—,byte-identical to native CPython (runtime check),
native.in_silico_digest,native,structure_molecules,protein-analysis,browser+runner,1,"browser now (Pyodide, CPU)",pyodide,no,yes (after first load),no,no,,yes: phone CPU (Pyodide ~11 MB once),—,byte-identical to native CPython (runtime check),
native.incidence_rate,native,study_design,statistics,browser+runner,1,"browser now (Pyodide, CPU)",pyodide,no,yes (after first load),no,no,,yes: phone CPU (Pyodide ~11 MB once),—,byte-identical to native CPython (runtime check),
native.infusion_rate,native,clinical_calc,clinical-calculators,browser+runner,1,"browser now (Pyodide, CPU)",pyodide,no,yes (after first load),no,no,,yes: phone CPU (Pyodide ~11 MB once),—,byte-identical to native CPython (runtime check),
native.kaplan_meier,native,study_design,survival-analysis,browser+runner,1,"browser now (Pyodide, CPU)",pyodide,no,yes (after first load),no,no,,yes: phone CPU (Pyodide ~11 MB once),—,byte-identical to native CPython (runtime check),
native.kmer_counts,native,seq_genomics,sequence-analysis,browser+runner,5,WASM SIMD/threads candidate,pyodide,no,yes (after first load),no,no,,yes: phone CPU (Pyodide ~11 MB once),—,byte-identical to native CPython (runtime check),"linear, but dict-heavy in Python for long sequences"
native.kruskal_wallis,native,study_design,statistics,browser+runner,5,WASM SIMD/threads candidate,pyodide,no,yes (after first load),no,no,,yes: phone CPU (Pyodide ~11 MB once),—,byte-identical to native CPython (runtime check),ranks over large samples
native.linear_regression,native,study_design,statistics,browser+runner,1,"browser now (Pyodide, CPU)",pyodide,no,yes (after first load),no,no,,yes: phone CPU (Pyodide ~11 MB once),—,byte-identical to native CPython (runtime check),
native.linkage_disequilibrium,native,seq_genomics,population-genetics,browser+runner,1,"browser now (Pyodide, CPU)",pyodide,no,yes (after first load),no,no,,yes: phone CPU (Pyodide ~11 MB once),—,byte-identical to native CPython (runtime check),
native.loading_dose,native,clinical_calc,pharmacology,browser+runner,1,"browser now (Pyodide, CPU)",pyodide,no,yes (after first load),no,no,,yes: phone CPU (Pyodide ~11 MB once),—,byte-identical to native CPython (runtime check),
native.local_alignment,native,seq_genomics,sequence-alignment,browser+runner,2,browser: JavaScript CPU kernel,js kernel → pyodide,no,yes (after first load),no,no,,yes: phone CPU (Pyodide ~11 MB once),the original Python,byte-identical output (score bits and int/float type); Python re-checks every alignment; fixtures + randomized end-to-end parity,Smith–Waterman
native.log2_fold_change,native,study_design,statistics,browser+runner,1,"browser now (Pyodide, CPU)",pyodide,no,yes (after first load),no,no,,yes: phone CPU (Pyodide ~11 MB once),—,byte-identical to native CPython (runtime check),
native.log_rank_test,native,study_design,survival-analysis,browser+runner,1,"browser now (Pyodide, CPU)",pyodide,no,yes (after first load),no,no,,yes: phone CPU (Pyodide ~11 MB once),—,byte-identical to native CPython (runtime check),
native.maintenance_dose,native,clinical_calc,pharmacology,browser+runner,1,"browser now (Pyodide, CPU)",pyodide,no,yes (after first load),no,no,,yes: phone CPU (Pyodide ~11 MB once),—,byte-identical to native CPython (runtime check),
native.mann_whitney_u,native,study_design,statistics,browser+runner,5,WASM SIMD/threads candidate,pyodide,no,yes (after first load),no,no,,yes: phone CPU (Pyodide ~11 MB once),—,byte-identical to native CPython (runtime check),rank sums over large samples
native.mean_arterial_pressure,native,clinical_calc,clinical-calculators,browser+runner,1,"browser now (Pyodide, CPU)",pyodide,no,yes (after first load),no,no,,yes: phone CPU (Pyodide ~11 MB once),—,byte-identical to native CPython (runtime check),
native.meld_na,native,clinical_calc,clinical-calculators,browser+runner,1,"browser now (Pyodide, CPU)",pyodide,no,yes (after first load),no,no,,yes: phone CPU (Pyodide ~11 MB once),—,byte-identical to native CPython (runtime check),
native.melting_temperature,native,seq_genomics,sequence-analysis,browser+runner,1,"browser now (Pyodide, CPU)",pyodide,no,yes (after first load),no,no,,yes: phone CPU (Pyodide ~11 MB once),—,byte-identical to native CPython (runtime check),
native.meta_analysis,native,study_design,statistics,browser+runner,1,"browser now (Pyodide, CPU)",pyodide,no,yes (after first load),no,no,,yes: phone CPU (Pyodide ~11 MB once),—,byte-identical to native CPython (runtime check),
native.morphine_milligram_equivalents,native,clinical_calc,pharmacology,browser+runner,1,"browser now (Pyodide, CPU)",pyodide,no,yes (after first load),no,no,,yes: phone CPU (Pyodide ~11 MB once),—,byte-identical to native CPython (runtime check),
native.motif_search,native,seq_genomics,sequence-analysis,browser+runner,1,"browser now (Pyodide, CPU)",pyodide,no,yes (after first load),no,no,,yes: phone CPU (Pyodide ~11 MB once),—,byte-identical to native CPython (runtime check),
native.neighbor_joining,native,seq_genomics,phylogenetics,browser+runner,5,WASM SIMD/threads candidate,pyodide,no,yes (after first load),no,no,,yes: phone CPU (Pyodide ~11 MB once),—,byte-identical to native CPython (runtime check),O(n³) in Python; exact port needs the same tie-breaking
native.news2,native,clinical_calc,clinical-calculators,browser+runner,1,"browser now (Pyodide, CPU)",pyodide,no,yes (after first load),no,no,,yes: phone CPU (Pyodide ~11 MB once),—,byte-identical to native CPython (runtime check),
native.normalise_variant,native,seq_genomics,variant-analysis,browser+runner,1,"browser now (Pyodide, CPU)",pyodide,no,yes (after first load),no,no,,yes: phone CPU (Pyodide ~11 MB once),—,byte-identical to native CPython (runtime check),
native.nucleic_acid_weight,native,seq_genomics,sequence-analysis,browser+runner,1,"browser now (Pyodide, CPU)",pyodide,no,yes (after first load),no,no,,yes: phone CPU (Pyodide ~11 MB once),—,byte-identical to native CPython (runtime check),
native.nucleotide_diversity,native,seq_genomics,population-genetics,browser+runner,1,"browser now (Pyodide, CPU)",pyodide,no,yes (after first load),no,no,,yes: phone CPU (Pyodide ~11 MB once),—,byte-identical to native CPython (runtime check),
native.number_needed_to_treat,native,study_design,statistics,browser+runner,1,"browser now (Pyodide, CPU)",pyodide,no,yes (after first load),no,no,,yes: phone CPU (Pyodide ~11 MB once),—,byte-identical to native CPython (runtime check),
native.odds_ratio,native,study_design,statistics,browser+runner,1,"browser now (Pyodide, CPU)",pyodide,no,yes (after first load),no,no,,yes: phone CPU (Pyodide ~11 MB once),—,byte-identical to native CPython (runtime check),
native.one_way_anova,native,study_design,statistics,browser+runner,1,"browser now (Pyodide, CPU)",pyodide,no,yes (after first load),no,no,,yes: phone CPU (Pyodide ~11 MB once),—,byte-identical to native CPython (runtime check),
native.parkland_formula,native,clinical_calc,clinical-calculators,browser+runner,1,"browser now (Pyodide, CPU)",pyodide,no,yes (after first load),no,no,,yes: phone CPU (Pyodide ~11 MB once),—,byte-identical to native CPython (runtime check),
native.parse_bed,native,seq_genomics,file-formats,browser+runner,1,"browser now (Pyodide, CPU)",pyodide,no,yes (after first load),no,no,,yes: phone CPU (Pyodide ~11 MB once),—,byte-identical to native CPython (runtime check),
native.parse_fasta,native,seq_genomics,file-formats,browser+runner,1,"browser now (Pyodide, CPU)",pyodide,no,yes (after first load),no,no,,yes: phone CPU (Pyodide ~11 MB once),—,byte-identical to native CPython (runtime check),
native.parse_fastq,native,seq_genomics,file-formats,browser+runner,1,"browser now (Pyodide, CPU)",pyodide,no,yes (after first load),no,no,,yes: phone CPU (Pyodide ~11 MB once),—,byte-identical to native CPython (runtime check),
native.parse_gff,native,seq_genomics,file-formats,browser+runner,1,"browser now (Pyodide, CPU)",pyodide,no,yes (after first load),no,no,,yes: phone CPU (Pyodide ~11 MB once),—,byte-identical to native CPython (runtime check),
native.parse_hgvs,native,seq_genomics,variant-analysis,browser+runner,1,"browser now (Pyodide, CPU)",pyodide,no,yes (after first load),no,no,,yes: phone CPU (Pyodide ~11 MB once),—,byte-identical to native CPython (runtime check),
native.parse_newick,native,seq_genomics,phylogenetics,browser+runner,1,"browser now (Pyodide, CPU)",pyodide,no,yes (after first load),no,no,,yes: phone CPU (Pyodide ~11 MB once),—,byte-identical to native CPython (runtime check),
native.parse_obo,native,seq_genomics,file-formats,browser+runner,1,"browser now (Pyodide, CPU)",pyodide,no,yes (after first load),no,no,,yes: phone CPU (Pyodide ~11 MB once),—,byte-identical to native CPython (runtime check),
native.parse_pdb,native,structure_molecules,file-formats,browser+runner,1,"browser now (Pyodide, CPU)",pyodide,no,yes (after first load),no,no,,yes: phone CPU (Pyodide ~11 MB once),—,byte-identical to native CPython (runtime check),
native.parse_sam,native,seq_genomics,file-formats,browser+runner,1,"browser now (Pyodide, CPU)",pyodide,no,yes (after first load),no,no,,yes: phone CPU (Pyodide ~11 MB once),—,byte-identical to native CPython (runtime check),
native.parse_vcf,native,seq_genomics,file-formats,browser+runner,1,"browser now (Pyodide, CPU)",pyodide,no,yes (after first load),no,no,,yes: phone CPU (Pyodide ~11 MB once),—,byte-identical to native CPython (runtime check),
native.peptide_mass,native,structure_molecules,protein-analysis,browser+runner,1,"browser now (Pyodide, CPU)",pyodide,no,yes (after first load),no,no,,yes: phone CPU (Pyodide ~11 MB once),—,byte-identical to native CPython (runtime check),
native.phq9,native,clinical_calc,clinical-calculators,browser+runner,1,"browser now (Pyodide, CPU)",pyodide,no,yes (after first load),no,no,,yes: phone CPU (Pyodide ~11 MB once),—,byte-identical to native CPython (runtime check),
native.pk_one_compartment,native,clinical_calc,pharmacology,browser+runner,1,"browser now (Pyodide, CPU)",pyodide,no,yes (after first load),no,no,,yes: phone CPU (Pyodide ~11 MB once),—,byte-identical to native CPython (runtime check),
native.post_test_probability,native,study_design,statistics,browser+runner,1,"browser now (Pyodide, CPU)",pyodide,no,yes (after first load),no,no,,yes: phone CPU (Pyodide ~11 MB once),—,byte-identical to native CPython (runtime check),
native.primer_check,native,seq_genomics,sequence-analysis,browser+runner,1,"browser now (Pyodide, CPU)",pyodide,no,yes (after first load),no,no,,yes: phone CPU (Pyodide ~11 MB once),—,byte-identical to native CPython (runtime check),
native.protein_alignment,native,seq_genomics,sequence-alignment,browser+runner,2,browser: JavaScript CPU kernel,js kernel → pyodide,no,yes (after first load),no,no,,yes: phone CPU (Pyodide ~11 MB once),the original Python,byte-identical output (score bits and int/float type); Python re-checks every alignment; fixtures + randomized end-to-end parity,Needleman–Wunsch / Smith–Waterman (BLOSUM62)
native.protein_properties,native,structure_molecules,protein-analysis,browser+runner,1,"browser now (Pyodide, CPU)",pyodide,no,yes (after first load),no,no,,yes: phone CPU (Pyodide ~11 MB once),—,byte-identical to native CPython (runtime check),
native.qsofa,native,clinical_calc,clinical-calculators,browser+runner,1,"browser now (Pyodide, CPU)",pyodide,no,yes (after first load),no,no,,yes: phone CPU (Pyodide ~11 MB once),—,byte-identical to native CPython (runtime check),
native.qtc,native,clinical_calc,clinical-calculators,browser+runner,1,"browser now (Pyodide, CPU)",pyodide,no,yes (after first load),no,no,,yes: phone CPU (Pyodide ~11 MB once),—,byte-identical to native CPython (runtime check),
native.rcri,native,clinical_calc,clinical-calculators,browser+runner,1,"browser now (Pyodide, CPU)",pyodide,no,yes (after first load),no,no,,yes: phone CPU (Pyodide ~11 MB once),—,byte-identical to native CPython (runtime check),
native.relative_risk,native,study_design,statistics,browser+runner,1,"browser now (Pyodide, CPU)",pyodide,no,yes (after first load),no,no,,yes: phone CPU (Pyodide ~11 MB once),—,byte-identical to native CPython (runtime check),
native.restriction_sites,native,seq_genomics,sequence-analysis,browser+runner,1,"browser now (Pyodide, CPU)",pyodide,no,yes (after first load),no,no,,yes: phone CPU (Pyodide ~11 MB once),—,byte-identical to native CPython (runtime check),
native.reverse_complement,native,seq_genomics,sequence-analysis,browser+runner,1,"browser now (Pyodide, CPU)",pyodide,no,yes (after first load),no,no,,yes: phone CPU (Pyodide ~11 MB once),—,byte-identical to native CPython (runtime check),
native.roc_auc,native,study_design,statistics,browser+runner,1,"browser now (Pyodide, CPU)",pyodide,no,yes (after first load),no,no,,yes: phone CPU (Pyodide ~11 MB once),—,byte-identical to native CPython (runtime check),
native.sample_size_two_means,native,study_design,statistics,browser+runner,1,"browser now (Pyodide, CPU)",pyodide,no,yes (after first load),no,no,,yes: phone CPU (Pyodide ~11 MB once),—,byte-identical to native CPython (runtime check),
native.sample_size_two_proportions,native,study_design,statistics,browser+runner,1,"browser now (Pyodide, CPU)",pyodide,no,yes (after first load),no,no,,yes: phone CPU (Pyodide ~11 MB once),—,byte-identical to native CPython (runtime check),
native.sequence_entropy,native,seq_genomics,sequence-analysis,browser+runner,1,"browser now (Pyodide, CPU)",pyodide,no,yes (after first load),no,no,,yes: phone CPU (Pyodide ~11 MB once),—,byte-identical to native CPython (runtime check),
native.sirs,native,clinical_calc,clinical-calculators,browser+runner,1,"browser now (Pyodide, CPU)",pyodide,no,yes (after first load),no,no,,yes: phone CPU (Pyodide ~11 MB once),—,byte-identical to native CPython (runtime check),
native.six_frame_translation,native,seq_genomics,sequence-analysis,browser+runner,1,"browser now (Pyodide, CPU)",pyodide,no,yes (after first load),no,no,,yes: phone CPU (Pyodide ~11 MB once),—,byte-identical to native CPython (runtime check),
native.sofa,native,clinical_calc,clinical-calculators,browser+runner,1,"browser now (Pyodide, CPU)",pyodide,no,yes (after first load),no,no,,yes: phone CPU (Pyodide ~11 MB once),—,byte-identical to native CPython (runtime check),
native.steady_state,native,clinical_calc,pharmacology,browser+runner,1,"browser now (Pyodide, CPU)",pyodide,no,yes (after first load),no,no,,yes: phone CPU (Pyodide ~11 MB once),—,byte-identical to native CPython (runtime check),
native.stop_bang,native,clinical_calc,clinical-calculators,browser+runner,1,"browser now (Pyodide, CPU)",pyodide,no,yes (after first load),no,no,,yes: phone CPU (Pyodide ~11 MB once),—,byte-identical to native CPython (runtime check),
native.tcm_applicability,native,tcm_knowledge,tcm-knowledge,browser+runner,1,"browser now (Pyodide, CPU)",pyodide,no,yes (after first load),no,no,,yes: phone CPU (Pyodide ~11 MB once),—,byte-identical to native CPython (runtime check),
native.tcm_classical_search,native,tcm_knowledge,tcm-knowledge,browser+runner,1,"browser now (Pyodide, CPU)",pyodide,no,yes (after first load),no,no,,yes: phone CPU (Pyodide ~11 MB once),—,byte-identical to native CPython (runtime check),
native.tcm_compatibility,native,tcm_safety,tcm-knowledge,browser+runner,1,"browser now (Pyodide, CPU)",pyodide,no,yes (after first load),no,no,,yes: phone CPU (Pyodide ~11 MB once),—,byte-identical to native CPython (runtime check),
native.tcm_evidence_tiers,native,tcm_knowledge,tcm-knowledge,browser+runner,1,"browser now (Pyodide, CPU)",pyodide,no,yes (after first load),no,no,,yes: phone CPU (Pyodide ~11 MB once),—,byte-identical to native CPython (runtime check),
native.tcm_formula,native,tcm_knowledge,tcm-knowledge,browser+runner,1,"browser now (Pyodide, CPU)",pyodide,no,yes (after first load),no,no,,yes: phone CPU (Pyodide ~11 MB once),—,byte-identical to native CPython (runtime check),
native.tcm_herb,native,tcm_knowledge,tcm-knowledge,browser+runner,1,"browser now (Pyodide, CPU)",pyodide,no,yes (after first load),no,no,,yes: phone CPU (Pyodide ~11 MB once),—,byte-identical to native CPython (runtime check),
native.tcm_lookup,native,tcm_knowledge,tcm-knowledge,browser+runner,1,"browser now (Pyodide, CPU)",pyodide,no,yes (after first load),no,no,,yes: phone CPU (Pyodide ~11 MB once),—,byte-identical to native CPython (runtime check),
native.tcm_syndrome,native,tcm_knowledge,tcm-knowledge,browser+runner,1,"browser now (Pyodide, CPU)",pyodide,no,yes (after first load),no,no,,yes: phone CPU (Pyodide ~11 MB once),—,byte-identical to native CPython (runtime check),
native.tidal_volume,native,clinical_calc,clinical-calculators,browser+runner,1,"browser now (Pyodide, CPU)",pyodide,no,yes (after first load),no,no,,yes: phone CPU (Pyodide ~11 MB once),—,byte-identical to native CPython (runtime check),
native.timi_ua_nstemi,native,clinical_calc,clinical-calculators,browser+runner,1,"browser now (Pyodide, CPU)",pyodide,no,yes (after first load),no,no,,yes: phone CPU (Pyodide ~11 MB once),—,byte-identical to native CPython (runtime check),
native.tpm,native,study_design,statistics,browser+runner,1,"browser now (Pyodide, CPU)",pyodide,no,yes (after first load),no,no,,yes: phone CPU (Pyodide ~11 MB once),—,byte-identical to native CPython (runtime check),
native.transcribe,native,seq_genomics,sequence-analysis,browser+runner,1,"browser now (Pyodide, CPU)",pyodide,no,yes (after first load),no,no,,yes: phone CPU (Pyodide ~11 MB once),—,byte-identical to native CPython (runtime check),
native.transition_transversion,native,seq_genomics,variant-analysis,browser+runner,1,"browser now (Pyodide, CPU)",pyodide,no,yes (after first load),no,no,,yes: phone CPU (Pyodide ~11 MB once),—,byte-identical to native CPython (runtime check),
native.translate,native,seq_genomics,sequence-analysis,browser+runner,1,"browser now (Pyodide, CPU)",pyodide,no,yes (after first load),no,no,,yes: phone CPU (Pyodide ~11 MB once),—,byte-identical to native CPython (runtime check),
native.tree_distances,native,seq_genomics,phylogenetics,browser+runner,1,"browser now (Pyodide, CPU)",pyodide,no,yes (after first load),no,no,,yes: phone CPU (Pyodide ~11 MB once),—,byte-identical to native CPython (runtime check),
native.upgma,native,seq_genomics,phylogenetics,browser+runner,5,WASM SIMD/threads candidate,pyodide,no,yes (after first load),no,no,,yes: phone CPU (Pyodide ~11 MB once),—,byte-identical to native CPython (runtime check),O(n³) in Python
native.weight_based_dose,native,clinical_calc,clinical-calculators,browser+runner,1,"browser now (Pyodide, CPU)",pyodide,no,yes (after first load),no,no,,yes: phone CPU (Pyodide ~11 MB once),—,byte-identical to native CPython (runtime check),
native.welch_t_test,native,study_design,statistics,browser+runner,1,"browser now (Pyodide, CPU)",pyodide,no,yes (after first load),no,no,,yes: phone CPU (Pyodide ~11 MB once),—,byte-identical to native CPython (runtime check),
native.wells_dvt,native,clinical_calc,clinical-calculators,browser+runner,1,"browser now (Pyodide, CPU)",pyodide,no,yes (after first load),no,no,,yes: phone CPU (Pyodide ~11 MB once),—,byte-identical to native CPython (runtime check),
native.wells_pe,native,clinical_calc,clinical-calculators,browser+runner,1,"browser now (Pyodide, CPU)",pyodide,no,yes (after first load),no,no,,yes: phone CPU (Pyodide ~11 MB once),—,byte-identical to native CPython (runtime check),
native.wilcoxon_signed_rank,native,study_design,statistics,browser+runner,1,"browser now (Pyodide, CPU)",pyodide,no,yes (after first load),no,no,,yes: phone CPU (Pyodide ~11 MB once),—,byte-identical to native CPython (runtime check),
native.winters_formula,native,clinical_calc,clinical-calculators,browser+runner,1,"browser now (Pyodide, CPU)",pyodide,no,yes (after first load),no,no,,yes: phone CPU (Pyodide ~11 MB once),—,byte-identical to native CPython (runtime check),
skill.analyze-tcm-network-pharmacology,skill,netpharm,,browser+runner,5,WASM SIMD/threads candidate,pyodide,no,yes (after first load),no,no,,yes: phone CPU (Pyodide ~11 MB once),—,byte-identical to native CPython (runtime check),seeded degree-matched permutation null (1000 per pathway): the most data-parallel CPU work in the catalog; a port must reproduce Python's Mersenne Twister draws exactly
skill.assess-tcm-safety,skill,tcm_safety,,browser+runner,1,"browser now (Pyodide, CPU)",pyodide,no,yes (after first load),no,no,,yes: phone CPU (Pyodide ~11 MB once),—,byte-identical to native CPython (runtime check),
skill.dock-ligands,skill,structure_molecules,,runner,7,native engine or GPU framework (runner),runner (native CPython),no,no,no,yes,"rdkit, meeko, vina, gemmi",no: needs the local runner on a computer,none in the browser: the call says what it needs,runner tests,the docking engines above
skill.draft-tcm-prescription,skill,clinic,,browser+runner,1,"browser now (Pyodide, CPU)",pyodide,no,yes (after first load),no,no,"numpy, scipy",yes: phone CPU (Pyodide ~11 MB once + numpy/scipy on demand),—,byte-identical to native CPython (runtime check),"loads numpy, scipy on demand"
skill.normalize-tcm-entities,skill,tcm_knowledge,,browser+runner,1,"browser now (Pyodide, CPU)",pyodide,no,yes (after first load),no,no,,yes: phone CPU (Pyodide ~11 MB once),—,byte-identical to native CPython (runtime check),
skill.predict-admet,skill,structure_molecules,,runner,7,native engine or GPU framework (runner),runner (native CPython),no,no,no,yes,"rdkit, scikit-learn",no: needs the local runner on a computer,none in the browser: the call says what it needs,runner tests,rdkit
skill.predict-protein-structure,skill,structure_molecules,,runner,7,native engine or GPU framework (runner),"runner (native CPython, GPU)",no,no,yes,yes,,no: needs the local runner on a computer,none in the browser: the call says what it needs,runner tests,"torch / transformers and a GPU, or a remote structure service"
skill.retrieve-literature-evidence,skill,literature,,runner,7,native engine or GPU framework (runner),runner (native CPython),no,no,no,yes,paper-qa,no: needs the local runner on a computer,none in the browser: the call says what it needs,runner tests,PaperQA2 and its model calls are not a browser package
skill.retrieve-tcm-evidence,skill,tcm_knowledge,,browser+runner,1,"browser now (Pyodide, CPU)",pyodide,no,yes (after first load),no,no,,yes: phone CPU (Pyodide ~11 MB once),—,byte-identical to native CPython (runtime check),
skill.rnaseq-differential-expression,skill,omics,,runner,7,native engine or GPU framework (runner),runner (native CPython),no,no,no,yes,,no: needs the local runner on a computer,none in the browser: the call says what it needs,runner tests,the RNA-seq pipeline above
skill.scrna-cell-atlas,skill,omics,,runner,6,substantial work for the browser,"runner (native CPython, GPU)",no,yes (after first load),yes,yes,,no: needs the local runner on a computer,none in the browser: the call says what it needs,runner tests,the single-cell pipeline above
study.combination,study,study_design,,browser+runner,1,"browser now (Pyodide, CPU)",pyodide,no,yes (after first load),no,no,numpy,yes: phone CPU (Pyodide ~11 MB once + numpy/scipy on demand),—,byte-identical to native CPython (runtime check),loads numpy on demand
study.contrast_formula_monomer,study,study_design,,browser+runner,1,"browser now (Pyodide, CPU)",pyodide,no,yes (after first load),no,no,numpy,yes: phone CPU (Pyodide ~11 MB once + numpy/scipy on demand),—,byte-identical to native CPython (runtime check),loads numpy on demand
study.effect_modification,study,study_design,,browser+runner,1,"browser now (Pyodide, CPU)",pyodide,no,yes (after first load),no,no,numpy,yes: phone CPU (Pyodide ~11 MB once + numpy/scipy on demand),—,byte-identical to native CPython (runtime check),loads numpy on demand
study.exposure_screen,study,study_design,,browser+runner,1,"browser now (Pyodide, CPU)",pyodide,no,yes (after first load),no,no,,yes: phone CPU (Pyodide ~11 MB once),—,byte-identical to native CPython (runtime check),
system.audit_verify,system,system,,browser+runner,1,"browser now (Pyodide, CPU)",pyodide,no,yes (after first load),no,no,,yes: phone CPU (Pyodide ~11 MB once),—,byte-identical to native CPython (runtime check),
system.capabilities,system,system,,browser+runner,1,"browser now (Pyodide, CPU)",pyodide,no,yes (after first load),no,no,,yes: phone CPU (Pyodide ~11 MB once),—,byte-identical to native CPython (runtime check),
system.catalog_search,system,system,,browser+runner,1,"browser now (Pyodide, CPU)",pyodide,no,yes (after first load),no,no,,yes: phone CPU (Pyodide ~11 MB once),—,byte-identical to native CPython (runtime check),
system.classify,system,system,,browser+runner,1,"browser now (Pyodide, CPU)",pyodide,no,yes (after first load),no,no,,yes: phone CPU (Pyodide ~11 MB once),—,byte-identical to native CPython (runtime check),
system.doctor,system,system,,runner,8,local runner only,runner (native CPython),no,no,no,no,,no: needs the local runner on a computer,none in the browser: the call says what it needs,runner tests,inspects the runner's Python environment
system.job_status,system,system,,runner,8,local runner only,runner (native CPython),no,no,no,no,,no: needs the local runner on a computer,none in the browser: the call says what it needs,runner tests,follows runner jobs
system.provider_call,system,live_sources,,runner,8,local runner only,runner (native CPython),yes,no,no,no,,no: needs the local runner on a computer,none in the browser: the call says what it needs,runner tests,ToolUniverse / BioMCP run as local MCP processes
system.provider_catalog,system,system,,browser+runner,1,"browser now (Pyodide, CPU)",pyodide,no,yes (after first load),no,no,,yes: phone CPU (Pyodide ~11 MB once),—,byte-identical to native CPython (runtime check),
system.skills,system,system,,browser+runner,1,"browser now (Pyodide, CPU)",pyodide,no,yes (after first load),no,no,,yes: phone CPU (Pyodide ~11 MB once),—,byte-identical to native CPython (runtime check),
tcmdb.catalog,tcmdb,tcm_data,,browser+runner,1,"browser now (Pyodide, CPU)",pyodide,no,yes (after first load),no,no,,yes: phone CPU (Pyodide ~11 MB once),—,byte-identical to native CPython (runtime check),
tcmdb.compare,tcmdb,tcm_data,,browser+runner,1,"browser now (Pyodide, CPU)",pyodide,no,yes (after first load),no,no,,yes: phone CPU (Pyodide ~11 MB once),—,byte-identical to native CPython (runtime check),
tcmdb.consensus,tcmdb,tcm_data,,browser+runner,1,"browser now (Pyodide, CPU)",pyodide,no,yes (after first load),no,no,,yes: phone CPU (Pyodide ~11 MB once),—,byte-identical to native CPython (runtime check),
tcmdb.datasets,tcmdb,tcm_data,,browser+runner,1,"browser now (Pyodide, CPU)",pyodide,no,yes (after first load),no,no,,yes: phone CPU (Pyodide ~11 MB once),—,byte-identical to native CPython (runtime check),
tcmdb.evidence_for,tcmdb,tcm_data,,browser+runner,1,"browser now (Pyodide, CPU)",pyodide,no,yes (after first load),no,no,,yes: phone CPU (Pyodide ~11 MB once),—,byte-identical to native CPython (runtime check),
tcmdb.formulas,tcmdb,tcm_data,,browser+runner,1,"browser now (Pyodide, CPU)",pyodide,no,yes (after first load),no,no,,yes: phone CPU (Pyodide ~11 MB once),—,byte-identical to native CPython (runtime check),
tcmdb.import_store,tcmdb,tcm_data,,browser+runner,1,"browser now (Pyodide, CPU)",pyodide,no,yes (after first load),no,no,,yes: phone CPU (Pyodide ~11 MB once),—,byte-identical to native CPython (runtime check),
tcmdb.licences,tcmdb,tcm_data,,browser+runner,1,"browser now (Pyodide, CPU)",pyodide,no,yes (after first load),no,no,,yes: phone CPU (Pyodide ~11 MB once),—,byte-identical to native CPython (runtime check),
tcmdb.materia,tcmdb,tcm_data,,browser+runner,1,"browser now (Pyodide, CPU)",pyodide,no,yes (after first load),no,no,,yes: phone CPU (Pyodide ~11 MB once),—,byte-identical to native CPython (runtime check),
tcmdb.query,tcmdb,tcm_data,,browser+runner,1,"browser now (Pyodide, CPU)",pyodide,no,yes (after first load),no,no,,yes: phone CPU (Pyodide ~11 MB once),—,byte-identical to native CPython (runtime check),
tcmdb.relation_kinds,tcmdb,tcm_data,,browser+runner,1,"browser now (Pyodide, CPU)",pyodide,no,yes (after first load),no,no,,yes: phone CPU (Pyodide ~11 MB once),—,byte-identical to native CPython (runtime check),
tcmdb.relations,tcmdb,tcm_data,,browser+runner,1,"browser now (Pyodide, CPU)",pyodide,no,yes (after first load),no,no,,yes: phone CPU (Pyodide ~11 MB once),—,byte-identical to native CPython (runtime check),
tcmdb.status,tcmdb,tcm_data,,browser+runner,1,"browser now (Pyodide, CPU)",pyodide,no,yes (after first load),no,no,,yes: phone CPU (Pyodide ~11 MB once),—,byte-identical to native CPython (runtime check),
tcmdb.tables,tcmdb,tcm_data,,browser+runner,1,"browser now (Pyodide, CPU)",pyodide,no,yes (after first load),no,no,,yes: phone CPU (Pyodide ~11 MB once),—,byte-identical to native CPython (runtime check),
tcmdb.unresolved,tcmdb,tcm_data,,browser+runner,1,"browser now (Pyodide, CPU)",pyodide,no,yes (after first load),no,no,,yes: phone CPU (Pyodide ~11 MB once),—,byte-identical to native CPython (runtime check),
